source_tweet,reply_1,reply_2,reply_3,reply_4,reply_5,reply_6,reply_7,reply_8,reply_9,reply_10,reply_11,reply_12,reply_13,reply_14,reply_15,reply_16,reply_17,reply_18,reply_19,reply_20,reply_21,reply_22,reply_23,reply_24,reply_25,reply_26,reply_27,reply_28,reply_29,reply_30,reply_31,reply_32,reply_33,reply_34,reply_35,reply_36,reply_37,reply_38,reply_39,reply_40,reply_41,reply_42,reply_43,reply_44,reply_45,reply_46,reply_47,reply_48,reply_49,reply_50,reply_51,reply_52,reply_53,reply_54
  break unconfirmed report contact sydney radio station campricenews martinplace http t co m ncthb az,  skynewsaust kkeneally campricenews unconfrimed break news,  skynewsaust campricenew shock jock think terrorist expert gb,  skynewsaust jacar campricenews zzzzzzzzzzzz,  skynewsaust kkeneally campricenews not belive hadlet rating,  skynewsaust campricenew unconfirmed report news,,,,,,,,,,,,,,,,,,,,,,,,,,,,,,,,,,,,,,,,,,,,,,,,,
gunfire sydney cafe hostage hold report say person shoot hostage flee http t co y bz yya,  cnnbrk gunfire sydney cafe hostage hold reportedly person shoot hostage flee http t co jqg ivk ax awani,  cnnbrk religionofpeace http t co j jxbrgte,  cnnbrk say hostage,  thinkku cnnbrk umm maybe good time try gain convert believe guy representative muslim,  cnnbrk cnn,  cnnbrk gunfire sydney cafe hostage hold report say person shoot hostage flee http t co kj rzt ts,  uglee drjb cnnbrk cnn sheesh guy world go nuts smh tell,  thinkku cnnbrk christian dice believe christ redeem forgiveness,  cnnbrk mikerodnew police officer move http t co xdgslnjx l,  cnnbrk gunfire sydney cafe hostage hold report say person shoot hostage flee http t co qain crgue,  cnnbrk anonworldview meh fuck cnn hour break news,  cnnbrk gunfire sydney cafe hostage hold report say person shoot hostage flee http t co fyxs clk n,  reloaded theresident tkrypt cnnbrk s dryer mystery apt laundry rm amp lose sock unit theft terror plot cnnreport,,rt cnnbrk gunfire sydney cafe hostage hold report say person shoot hostage flee http t co b ir noazj,  cnnbrk gunfire sydney cafe hostage hold report say person shoot hostage flee http t co ory gkyjvv uglee,  justamyish tkrypt cnnbrk anonworldview cnn devote hour like mh michael jackson,  cnnbrk gpalm devop lysslamb,  drjb cnnbrk cnn sheesh guy world go nut,  cnnbrk let hope person shoot isis terrorist police hostage hurt foxnew cnn,  justamyish anonworldview cnnbrk lolz usually busy try socially engineer society,  cnnbrk pray people sydney safe,  cnnbrk stretcher,  cnnbrk pls hostages amp police safe,  cnnbrk http t co cisr cycmo want invite religion islam hope know islam favorite rt,  justamyish cnnbrk corp media like cnn approval report punk,  justamyish anonworldview cnnbrk lol,rt cnnbrk gunfire sydney cafe hostage hold report say person shoot hostage flee http t co oxqyqxjpy,,,,,,,,,,,,,,,,,,,,,,,,,,
pray hold hostage right sydney police responsible peace prevail,  joelhouston thank joel work far http t co txfcoxko e heap phone call people inquire safety,  joelhouston pray hold hostage right sydney police responsible peace prevail,  joelhouston declare peace freedom,  joelhouston thatrygood follow,  joelhouston pray,  joelhouston pray,  joelhouston hillsongconf pray jesus ' non violent solution,  joelhouston prayer world,  joelhouston wale pray city,  joelhouston hillsongworship n,  joelhouston pray,  joelhouston hillsongworship pray pond spirit peace fall sydney,,,,,,,,,,,,,,,,,,,,,,,,,,,,,,,,,,,,,,,,,,
  religion coward gt hostage force display islamic flag woman asshield http t co vtkasgzxv sydneysiege http t co pn vcwd,  ugottabekidn kohtakiev read bit koran recently amp radical islam teaching koran take extreme amp literally,  ugottabekidn kohtakiev give read heavy duty office shredder mulch,  justnathaiy ugottabekidn problem arise w blindly follow question examine reconcile w per belief,  ugottabekidn earthbound soul idk contradicted religion bunch nonsense like,  earthbound soul ugottabekidn wow ur cool hail satan,  latvija amymek build,  ugottabekidn verse tbh fan abrahamic religion evil,  justnathaiy earthbound soul insightful highlight qur'an diff color love allah,  amymek pearlpeche flash bang shot center mass problem solve come australia,  justnathaiy earthbound soul people want god bible change love,  ugottabekidn earthbound soul religion nonsense get bash,  ugottabekidn use logic people fully represent religion claim,  justnathaiy earthbound soul get to run love talk,  ugottabekidn justnathaiy religion right belief force belief society amp beheading,  amymek pm australia say know political oh maybe militant wing salvation army,  ugottabekidn bible get quran interpretation islam hate website b,  ugottabekidn earthbound soul alright fun run thank time,  amymek savage,  justnathaiy ugottabekidn muslim assume justnat read koran v live,  kwbr amymek lol,  justnathaiy ugottabekidn dogma great form ignorance,  amymek katyinindy wait woman shield muslims lt sarc gt pffft hamas islamreligionofpeace myass,  amymek spot amy alwaysacowboy,  justnathaiy earthbound soul say opposite jesus say bad,  kwbr mikeymanila amymek angry amish,  justnathaiy earthbound soul allah capricious trust change mind fit narrative muhammad,  amymek ' woman shield ' sound familiar hint hamas,  kohtakiev action muslim terrorize kill perfectly match teaching qur'an hadith themoreyouknow,  abo mikeymanila amymek get to mennonite pretty scary,  justnathaiy earthbound soul cover inadequacy perfect god,  earthbound soul ugottabekidn assume muslim buddhist ppl attack islam like,  kwbr amymek let rock paper scissor guess terrorist duhh,  lengsanity ohh yea see think sorry forgot untag,  justnathaiy jews amp christians,  ugottabekidn earthbound soul s verses quran tell u u kill person kill humanity,  justnathaiy nope context,  justnathaiy surah allah love non believer allah love turn away friend,  earthbound soul ugottabekidn bad religion bible amp quran finish,  kohtakiev amymek lengsanity muslim terrorist terrorist muslim,  justnathaiy rt nd half earthbound soul get u muslim say tell christ say,  jewelsparkle amymek islam democracy coexist,  pearlpeche amymek lengsanity hindus parent country bomb buddhist amp muslim u know,  jewelsparkle amymek islam religion slave fool islam communism identical,  justnathaiy earthbound soul follow christ abide organized religion bible truth religion man try,  justnathaiy romans sinner christ die god love non believer turn away,  kohtakiev https t co axkw ekczc,  justnathaiy earthbound soul punish kill believe allah prove god profess,  amymek lengsanity heck cus ppl fuck mean religion mad fair,  earthbound soul ugottabekidn plan finish see verse disturb bad bash,  ugottabekidn earthbound soul religion,  justnathaiy lot side patience work read urself,  justnathaiy earthbound soul oh kinda run car k sticker prob time u want talk,  amymek jewelsparkle demand mosque burn ground,  justnathaiy earthbound soul hateful spiteful allah book stripe love hateful love spiteful
evacuate consulate sydney sydneysiege emergency warning u s citizen urge maintain high level vigilance,  williamsjon morgfair know guy piss get fire foreclose gf cheat,  williamsjon sorry miss,  williamsjon scary hope situation resolve soon amp peacefully possible,  williamsjon latikambourke destructive foreign policy think day require vigilance,  williamsjon curious ' evacuate ' mean leave country city area know,  isabelsbookclub mean home,  williamsjon sassafras knob maintain high level vigilance obama say islamic terrorist exist america remember,  williamsjon morgfair twitterverse aussie act like normandy landing imminent flag arabic crazy fear,  isabelsbookclub williamsjon country safe,  williamsjon lorizellmill good thing feinstein sure happen,  fairyofbloom hope safe speedy resolution pray hurt unlikely consider,  jplang williamsjon,rt williamsjon evacuate consulate sydney sydneysiege emergency warning citizen maintain high level vigilance,  williamsjon consensus translation headband sacrifice o mohame caveat photo blurry text incomplete,  williamsjon cv people comfort,  williamsjon make sense read cia report surprise hs take long,,,,,,,,,,,,,,,,,,,,,,,,,,,,,,,,,,,,,,
gunman dozen hostage inside cafe sydney australia isis flag remain display kristymayr http t co p gycrobsa,  majornew kristymayr bastard,break hostage armed hold remain press window sydney australia cafe kristymayr http t co f n kcj ia,  majornew nhlflyershockey kristymayr,  majornew newsperth people isis flag,  majornew mrgeology kristymayr advice hear shot drop ground team go clear,  majornew akosnitzky kristymayr pray hostage god let outcome peaceful,  majornew kristymayr fuck,airspace sydney city shut newscomauhq,  majornew kristymayr oh,update people believe inside lindt cafe martin place sydney australia newsperth,,,,,,,,,,,,,,,,,,,,,,,,,,,,,,,,,,,,,,,,,,,,
major landmark sydney evacuate police respond hostage situation caf city martin place bbcnews http t co iowvqexn m,  gypsysoul sky well coverage link australian counterpart,  gypsysoul say arabic group kink,  steveo moose breakingnew bbcnew love lt,  iammrrodriguez ok thx u try read info,  gypsysoul yeah alarming situation build hete,  immrclassy breakingnew bbcnew fuck cunt,  gypsysoul yeah fearful say true isis invilve,  iammrrodriguez crazy,  iammrrodriguez good see armed man hostage,  immrclassy amazing dad tolerate people people idiot fuck,  gypsysoul yeah say u think theu invokce,  iammrrodriguez hope ok end,  tark breakingnew isis apparently say,  immrclassy breakingnew bbcnew welcome shitbag,  steveo moose breakingnew bbcnews terrorism idiot,  immrclassy breakingnew bbcnew enjoy extra chromosome,  steveo moose not tolerate people calll people cunt shitbag etc hey say good dad true,  gypsysoul yeah maybe gunman reiterate lone wolf,  breakingnew hostage situation ok,  breakingnew bbcnews damn airspace sydney close isis relate terrorist group,mt breakingnew major landmark sydney evacuate hostage situation caf city martin place bbcnews http t co oaktdpdwiz,  breakingnew bbcnew strict gun law happen,  iammrrodriguez think,  gypsysoul pm speak live,  steveo moose breakingnew bbcnew thank lt,  breakingnew bbcnew wow crazy,  steveo moose amzing father sure nice,  iammrrodriguez say cnn post info come wait game,,,,,,,,,,,,,,,,,,,,,,,,,,
break news sydney siege gunman,  pzfee cdngunner hopefully double tap eye maybe ball knee,  pzfeed anonworldview good news,  pzfee break news sydney siege gunman clever think have cuppa police,,  pzfee praise allah,  pzfee break news sydney siege gunman finally,  agent pzfeed sarcasm,  pzfee yes,  skiplacombe btw good talk fellow conservative use logic conviction transativepropertyofliberallunacy,  skiplacombe know man lynch amp burn like racism torture definition scared torture whatilearnedtoday,  pzfeed ' murica,  iviatthew pzfeed ' stralia,  stockdemon pzfeed lifetime,  skiplacombe wrong pour water face save life okay split face open save life whatilearnedtoday,  intgalsmuggler nice quote rt,  pzfeed finally victory australia,  pzfeed boooooooooooooo,  markfromalbany say evil shoot head torture,  stockdemon pzfeed reinforce view,rt pzfeed break news sydney siege gunman,  pzfeed noooooooo,  pzfeed hopefully dead hope hostage alive,good rt pzfeed break news sydney siege gunman,  pzfee bodhisatvaa dead alive,  pzfee break news sydney siege gunman,  sixyr accidental,,,,,,,,,,,,,,,,,,,,,,,,,,,,
terrifying photo hostage martin place sydney hold man wave isis flag http t co ozbrqvnlg,  conkc maggiestardust tomsteinfort excellent christian response play,  tomsteinfort terrify photo hostage martin place sydney hold man wave isis flag http t co kl hvbw fo,  danwootton feel family poor woman face splash news safe anymore,  yetanothermary know poor people lindt chocolate cafe,  tomsteinfort sebcostello probably well not run identify juuuust,  mistyuk know imagine terrifying family hope alive,  tomsteinfort daveric think bad dream god let free unharmed,  tomsteinfort alfroz want,  mistyuk yetanothermary bed check update hope little girl feel well soon x,oh tomsteinfort terrify photo hostage martin place sydney hold man wave isis flag http t co h kg wjyjt,oh god tomsteinfort terrify photo hostage martin place sydney hold man wave isis flag http t co py kwgdthx,  yamankaytaz tomsteinfort take hostage criminal take islam hostage,  mistyuk yetanothermary pray innocent people unharmed terror poor woman face,  danwootton tomsteinfort happen,  mistyuk tomsteinfort see terrifying,  alfroz tomsteinfort worry situation,  tomsteinfort conkc pray safely,  troybeast asshole maggiestardust tomsteinfort,  danwootton tomsteinfort oh dear god hope ok,terrifying photo hostage martin place sydney hold man wave isis flag http t co wke rz rbj tomsteinfort,  tomsteinfort girl sweetest thing heartbreaking,  yamankaytaz tomsteinfort know confirm isis idiocy relate,  yetanothermary flag make concerned outcome,  danwootton terrify photo hostage martin place sydney hold man wave isis flag http t co p l lbiu safeende,  maggiestardust tomsteinfort conkc help,  magstwell yetanothermary know daughter unwell pop hope positive news new,,,,,,,,,,,,,,,,,,,,,,,,,,,,
update australian pm abbott police deal report hostage take incident sydney business district http t co iqgdmicdnh,,,  abc australian pm abbott police deal w report hostage take incident sydney bus district http t co c hr qyggb fuck,  abc kindly army navy seal deadly islamic terrorist blow,,  abc religion peace strike hey australia anti gun law work,  abc religionofpeace,,,,,,,,,,,,,,,,,,,,,,,,,,,,,,,,,,,,,,,,,,,,,,,
  sydney airspace close sydney opera house evacuate hostage drama unfold isis style flag see http t co op nfi f,  cbcalert meika mashack sydney opera house evacuate hostage drama unfold isis style flag see http t co lkwa exl,  cbcalert need mention isis not deserve medium attention encourage,  cbcalert shit hope fatality hostage taker,  hotdogluver cbcalert couple shrink good talk will cure,  cbcalert trudoh parka,  cbcalert sydney airspace close incorrect report,  cbcalert use word incident instead drama innocent life stake drama killer seek mattgallowaycbc,  cbcalert vishhh,  cbcalert sydney airspace close sydney opera house evacuate hostage drama unfold isis style flag see http t co ism b dxr,  cbcalert claim isis style flag islamist mean propagate unsubstantiated claim,  dognose cbcalert help religion cause shit,  cbcalert pray situation,rt cbcalert sydney airspace close sydney opera house evacuate hostage drama unfold isis style flag see http t co iyfoawrezm,  cbcalert check source report airspace close possibly tfr cbd,  cbcalert sydney airspace close sydney opera house evacuate hostage drama unfold isis style flag see http t co qknyjejbsr,,,,,,,,,,,,,,,,,,,,,,,,,,,,,,,,,,,,,,,
know far sydneysiege dozen hostage hold http t co yqndzryjqq http t co rqjcibxqsm,  joshsawyer skynew heart go family lose love one tragedy change y happen http t co fypx lgw,  dark d joshsawyer grow amp read book,  bodhissattva joshsawyer ukraine look http t co ytuutpbysg,  dark d joshsawyer west fault ok attack,  bodhissattva joshsawyer agree medium doubt twist actually,  bodhissattva joshsawyer think peace initiative weapon shipment start kerry finally meet lavarov,  bodhissattva joshsawyer http t co ujh wv,  bodhissattva joshsawyer sage advice young need direction await wisdom,  dark d joshsawyer ukranian want eu russia right ok russia kill west fault,  dark d joshsawyer old,  bodhissattva joshsawyer http t co mjwxibavfp,  bodhissattva joshsawyer think eye nation kick sand long term productive,  daretoreadit piece make sense,  bodhissattva joshsawyer apperently kill torture mad know http t co g iv og,  bodhissattva joshsawyer http t co b oavi wb,  dark d joshsawyer great call politic grow up,  bodhissattva joshsawyer different opinion offer laugh reaction,  bodhissattva joshsawyer government burn books http t co xoecsmdpro,  dark d joshsawyer religion want destroy fight mistake conspiracy,  dark d joshsawyer maybe nice guess reason kill right agree kill,  bodhissattva joshsawyer sir point way carry surprise guy gun international headline,  dark d joshsawyer nation want thing want life conspiracy,  bodhissattva joshsawyer way eye carry shock tool cave http t co otdyqj vj,  joshsawyer skynew hurt,  darks d bodhissattva fuck,  dark d skynew innocent people hold gunpoint potentially disastrous,  joshsawyer skynews crazy saudi gun international terra alert need law spy citizen glorife bank robbery,  dark d skynew fucking empathy disgrace,  dark d joshsawyer work big boy earn money,  bodhissattva joshsawyer time spend research astonishing,  dark d joshsawyer point govt conspiracy horrible ok shitty horrible thing,  dark d joshsawyer fuck eye nation moronic conspiracy theory watch alex jones,  bodhissattva joshsawyer ff http t co n vjteu,  bodhissattva joshsawyer agree openly available info conspiracy politic,  skynew potentially bomb sydneycafe,  joshsawyer skynews maybe easy emo knee jerk reaction,  skynew strong hint event nwo stage false flag stunt http t co vqasotuotc,  bodhissattva joshsawyer lol safe,  dark d joshsawyer islamic state right attack kurd stop,  bodhissattva joshsawyer internet show funny book figure http t co hwtq qbdww,  dark d skynew feel innocent life go,  bodhissattva joshsawyer book http t co etd ymmaw,  bodhissattva joshsawyer granddad,  dark d joshsawyer tweet guess yr look old photo,  skynews guy gun city shut yawn,  dark d joshsawyer scumbag,  dark d joshsawyer nope frost advert fucktard juvenile photo middle finger,  bodhissattva joshsawyer http t co okpsalb ha,,,,,,
gunman headband read soldier o muhammad martinplace sydneysiege http t co ggugp kv c,  ninamaechik princekhattab politicovoice d let cry blame religion use brain,  princekhattab politicovoice bs muslim r kill muslim country,  violetmamba princekhattab red herring,  fredwillie majanahi princekhattab problem billion muslim silent abt act,religion peace write jesus bomb princekhattab laurawalkerkc,  ninamaechik princekhattab politicovoice decide attack muslims iraq afghanistan qui s le vent r colte la temp te,  majanahi princekhattab people tiny minority sadly contaminate world opinion,  princekhattab redsteeze politibunny,  princekhattab gunman headband read soldier o muhammad sydneysiege http t co cfanbh k c pc toddschnitt,  fredwillie majanahi princekhattab agenda certainly pro israel lol,  ninamaechik majanahi princekhattab element press want report big picture agenda,  princekhattab phillipsmyth ok clearly read wrong,  princekhattab haralddoornbo muhammad want hurt innocent people man soldier devil muhammad,  princekhattab redsteeze jfkerry d appear tv explain gunman islamic relieve,nutbag allow threaten kill muslim brown people martinplace sydneysiege http t co lc rzubv c,  princekhattab fredwillie mohame approve action action kill iislam,  princekhattab thearmoredpig think head band read u read range rifle,  ninamaechik princekhattab politicovoice logic attack muslims want drone kill htem torture,  iabu huraira princekhattab politicovoice kill allah use human shield tolerance radical islam,  princekhattab robpulsenew see,  princekhattab politicovoice west need wake radical islam quit picking israel build house,  samharrisorg princekhattab gunman headband read soldier o muhammad martinplace sydneysiege http t co ktz cgjz y,  princekhattab blazingcatfur want read,,,,,,,,,,,,,,,,,,,,,,,,,,,,,,,
  break australian police respond ' incident ' sydney opera house,  afp tiredoflaundry lindt go end surprised target protester easy target,  afp opera house incident report correct,  afp nickdepetrillo uh oh,  afp break australian police respond ' incident ' sydney opera house incident isis flag wave ppl hostage ppl,  afp tom allard location wrong detail wrong,  afp stacyherbert,  sydneysiege afp break australia police respond ' incident ' sydney operahouse,  afp think happen,  break australian police respond ' incident ' sydney opera house afp,  afp fgunay nog meer ontwikkelingen nu bij het opera house,  myerssuzan afp fear w protester think pd presence force protection,,,,,,,,,,,,,,,,,,,,,,,,,,,,,,,,,,,,,,,,,,,
break hostage flee sydney cafe loud bang hear,blessing amp greeting ap check late radio anytime http t co pd sedemc http t co wx uzojvx rt ty disclosure nesara,,  ap new sound explosion possible gunfire cafe,  ap bang sniper rifle,hectic ap break hostage flee sydney cafe loud bang hear,  ap break hostage flee sydney cafe loud bang hear,  ap break hostage flee sydney cafe loud bang hear pray stay safe,wow rt ap break hostage flee sydney cafe loud bang hear,hostage flee sydney cafe loud bang hear ap,rt ap break hostage flee sydney cafe loud bang hear,  ap cnn cut commercial news report,bueh ap break hostage flee sydney cafe loud bang hear,  ap innocent catch gun free zone run imperil straight near good guy gun http t co ftlspapqgo,break hostage flee sydney cafe loud bang hear sydneyseige ap,rt ap break hostage flee sydney cafe loud bang hear,  ap break hostage flee sydney cafe loud bang hear,  ap bang gun shoot,,,,,,,,,,,,,,,,,,,,,,,,,,,,,,,,,,,,,
sydney opera house evacuate siege continue local medium report hostage http t co clbdtgby r http t co eoqk kfewt,  ajenew notice return veteran middle east war berserk trend report lately watch prevalent,  ajenews swat team look sci fi lol,  ajenew definitely add tweet site http t co sldaigtscy,  seanagnew sorry mean news source beer burger,isis opera isis fake terrorist group bunch pay spy idiot follow ajenews intelwire,  ugur tezcan ajenews intelwire delusional,photo personnel progress event give bad guy valuable intel ajenews seanagnew protip,  ajenew religion peace act peaceful,  ajenews sydney opera house evacuate siege continue local medium report hostage http t co qt njgrnq http t co ara ur eib,  somedaybitch pic know well honest sdb,,,,,,,,,,,,,,,,,,,,,,,,,,,,,,,,,,,,,,,,,,,,
break gunman sydneysiege say device city demand speak prime minister jfxm http t co wto rzowe,  jfxm break dialsquare hear pm demand min device claim report,  baldwheel bobillingworth break dialsquare jfxm actually say ab bbc,  bobillingworth break dialsquare jfxm thing need inaccurate sensationalist report heighten tension,  break dialsquare jfxm threat demand gunman accord local medium,  baldwheel break dialsquare jfxm exactly,  break jfxm set hq chocolate shop wait conclusive proof focus hostage,  break jfxm muslim terrorist strike sydneysiege,  bobillingworth break dialsquare australian radio tv report threat unconfirmed yeh report,  break aussie skinhead jfxm flag say inform mean islamic jihad act http t co fo gtnwl,  break break gunman sydneysiege say device city demand speak prime minister jfxm,  meliz bobillingworth break dialsquare jfxm yes head report know accurate,  break amarriieeee jfxm god,  break jfxm download hilarious free koran parody infidel age https t co hxbezhdguj,  break break gunman sydneysiege say device city demand speak prime minister fuck,,,,,,,,,,,,,,,,,,,,,,,,,,,,,,,,,,,,,,,,
  hostage sydney caf confirm channeltennews gunman demand want isis flag deliver want speak prime minster,  cbsnlive aboudjaffar pour le br ler et d noncer le terrorisme pour parler des action mener contre l'islamophobie cc guidere,  jbatesri hi jack,  cbsnlive hostage sydney caf confirm channeltennews gunman demand want isis flag deliver want cathunwin,  cathunwin sorry,  jbatesri stop sec,  cbsnlive hostage sydney caf confirm gunman demand want isis flag deliver want speak prime minster,  cbsnlive cbsnew channeltennews know intention right,  jarekkuzniar zacz o si ka dy nawiedzony ekstremista b dzie pr bowa samodzielnie takich akcji w r nych zak tkach wiata sydneysiege,nowe cbsnlive hostage sydney caf confirm gunman demand want isis flag deliver want speak prime minster,  szatko jarekkuzniar cytuj c klasyka fear big business jak jest zarabia na straszeniu ludzi,  cathunwin ok well,  cbsnlive channeltennews cbsnew asshole bring isis flag f ck isis flag stupid muslim,lol szatko jarekkuzniar zacz o si ka dy nawiedzony ekstremista b dzie pr bowa samodzielnie takich akcji w r nych zak tkach wiata,  cbsnlive cbsnews channeltennew israeli commando squad happy deliver flag,  cbsnlive cbsnews channeltennew people release muslim try establish christian hostage,  tjm cbsnlive channeltennews cbsnew not ignorant,,,,,,,,,,,,,,,,,,,,,,,,,,,,,,,,,,,,,,
sydney opera house completely evacuate sydney airspace close siege,  sydney opera house completely evacuate wake martinplace siege sandra sully lindt,  sandra sully sydney opera house completely evacuate sydney airspace close siege guy terminator,  sandra sully sydney opera house completely evacuate sydney airspace close siege laurem,  sandra sully airspace close smh report fact know fact stop sensationalise,  sydney operahouse completely evacuate sydney airspace close siege sandra sully today sydney suffer like kabul,  sandra sully pm sydney airspace closed land albury time,rt sandra sully sydney opera house completely evacuate sydney airspace close siege,feel sick stay safe sydney sandra sully sydney opera house completely evacuate sydney airspace close,,,,,,,,,,,,,,,,,,,,,,,,,,,,,,,,,,,,,,,,,,,,,,
basically man hold ppl hostage caf sydney hostage hold islamic flag window,  soswwreport pray people,  soswwreport sosupdatesla oh pray,  soswwreport m cry bad ashtofletcher lucy swan,  soswwreport pray,  soswwreport holy shit scary,  sosupdatesla soswwreport happen guy,  soswwreport oh wow wow,  soswwreport sosupdatesla oo home live sydney know,  soswwreport people represent islam,  soswwreport wait people islamic extremist people hold flag,  soswwreport sosupdatesla pray people,  soswwreport oh good,  soswwreport oh,  soswwreport pradadehaan,  soswwreport omg hope people hurt,  georgiax soswwreport oh,  soswwreport omg s s happen,  soswwreport oh wow,  soswwreport sosupdatesla hell islamic flag religion fucking country,,,,,,,,,,,,,,,,,,,,,,,,,,,,,,,,,,,
total number people leave cafe sydney late http t co nl bnlfida sydneysiege http t co tgzkyfnlr,  wsj little disconcerting medium crossfire bullet fly sydneysiege,  wsj wow,,  wsj pray hostage safe release terrorist win sydneystrong sydneyhostagecrisis lindtcafe australia,  wsj wake america al adnani tell muslims kill disbeliever civilian soldier sydneysiege,  wsj powerful picture,  wsj news drama series fun people,  wsj little disconcerting man decide run release woman amp child inside forcemajeure,people sydneysiege wsj,hope wake resolve peacefully bloodlessly mt wsj total people leave sydney cafe http t co tl pohuye,  wsj terrorism desperate help justify authoritarianism west isis understand democracy ally,  wsj know terrorism global thing,  wsj happen israel islamic terrorist dead shoot israeli police idf soldier,  wsj aussie grand master form substance analyst amp talker doer take extreme caution avoid take risk,  wsj secular people world terrorist terrorhasnoreligion sydneysiege,  wsj il terrorismo dei disperati contribuisce giustificare autoritarismi occidente isis non comprende che la democrazia sua alleata,,,,,,,,,,,,,,,,,,,,,,,,,,,,,,,,,,,,,,
break new hostage woman run safety sydney cafe australia television network report http t co apnkqmicsx,  sydney nbcnew great advice guy hire tweet nbc lack grammatical discipline,  nbcnew asians,  nbcnew robquig cashut interesting journalism ethic situation tweet report tweet report hostage escape,  nbcnew woman mean woman,  nbcnew gunman aware hostage escape tweet hostage danger,  nbcnew nbcbayarea fairness nbcnews nbcbayarea australian network tweet report situation,  methouoneo nbcnew thank sir active situation put hostage live jeopardy wrong,,,,,,,,,,,,,,,,,,,,,,,,,,,,,,,,,,,,,,,,,,,,,,,
officially uber price gouging au hostage crisis sad sorry clowns http t co otwtz e um,  mjberryman uber yeah see disgusting,  sethmnookin live near portland support city effort hold uber municipal law,  gtfo uber fair pt concern decent w stalk journalist lout happen,  sethmnookin lemmcace good decision,  sethmnookin tweet min one advise passenger free https t co fihmasxdi lt ayn rand alive run uber,  sethmnookin lemmcace city boston quit require internship nearly justifiable gd,  sethmnookin uber yep agree find hard believe sit computer think good idea know,yes yr ago quit follow dead lemmcace sethmnookin drive cab right like real cab license etc,  sethmnookin drive cab right like real cab license etc,  sethmnookin uber yea dumb probably automate system adjust rate base demand ai fail case,  lemmcace nick come visit boston,  sethmnookin uber s big deal not rule acquisition,  sethmnookin understand friend swear uber nyc expensive cab,  lemmcace dunno,  lemmcace will charge toll,  znmeb apparently b c take time read respond,  sethmnookin think losing battle uber behavior will change stop make number,  sethmnookin rape gee thank warning cc clarajeffery uber mashable,  gtfo tweet happen say get driver work automate sethmnookin uber,  sethmnookin lemmcace parent talk seth cdcwhistleblower reach go to write book,  sethmnookin heideggerfan uber uber shady af,  sethmnookin rarely ride taxis ride uber lyft limo yearly trimet pass portland,  sethmnookin nice million folk crap,  znmeb true,,,,,,,,,,,,,,,,,,,,,,,,,,,,,,
sydney cafe siege gunman dozen hostage inside cafe siege martin place sydney isis flag remain display,  y news beerzy situation awful bad irresponsible speculation isis flag,  simonpa request haha,  stretchlimzz e le malie,,  y news farmhousehome awful,  sandradanca poor people terrify mind pray,  matthewlumby channel pick poste restante gpo backpack,  stretchlimzz hey hey use fight word drop kick k,  andythatcher presumably cafe y news channel,  matthewlumby y news channel coward hope nsw fed police bring safe conclusion,  y news stretchlimzz isis flag man smhhh,  y news send prayer speechless,  y news channel bastard,  matthewlumby y news channel scary stuff,  farmhousehome die,  hiaundrea laker flag lol nah note,worrying business sydney possible isis siege y news amp channel live feed cut coverage https t co ndkzgpar,  y news hope hostage come safe,  sandradanca report,  y news confirm isis flag,  y news channel fear indoctrination msm,,,,,,,,,,,,,,,,,,,,,,,,,,,,,,,,,
stretcher take sydney cafe police storm build fate hostage taker unknown nbcnew newssydney http t co n mmnilz z,  breakingnew dardar nbcnew newssydney hello hope people interested comment http t co fc lvzqhpd,  breakingnew stretcher take sydney cafe police storm build fate hostage taker unknown http t co inldmukata,  breakingnew nbcnew newssydney hopefully aussie round mm centermass twixt eye scumbag,  breakingnew breakingnewsuk hope gurney need innocent,stretcher take sydney cafe police storm fate hostage taker unknown breakingnew sydneysiege sydneyhostagecrisis,,,,,,,,,,,,,,,,,,,,,,,,,,,,,,,,,,,,,,,,,,,,,,,,,
  consulate reportedly evacuate amid sydneysiege hostage situation http t co zlzkdjvsf martinplace http t co usvgxibdko,  rt com desireeaaron evacuating pig,  rt com m sure obama amp holder classify sydneysiege workplaceviolence amp islamicterrorism banislam impeachobama tcot,  rt com daughter amp grand kid central sydney hope fine,  rt com occupy syria army pretext isis,  rt com hand shoot terrorist,  rt com course obama run sydenysiege want interfere plan muslimbrotherhood obamasuck,  rt com naw bro isis want chocolate lmao,  jasperfirst rt com want leadership stand evil like islam amp serve people direct people obama not,  rt com us'll derrr,  rt com publicity,  rt com m glad stick help obama chickenshit come liberal courage look like run,  rt com want benghazi o want look like failure,  rt com soldier islam biker,  rt com mutahingunyi oleitumbi ukenyatta united states run away friend attack sidney hotel siege,  rt com look diversity progress action fuck multiculturalism waronwhite wr,  rt com shoot behead preference hold abomination flag,  seandivincenzo rt com want bush clone,,,,,,,,,,,,,,,,,,,,,,,,,,,,,,,,,,,,,
islamic terrorist attack sydney hostage hold black flag islamic creed sydneysiege http t co ne o coq,  ivivekbansal modiarmy terrorrist islamic inhuman,  ivivekbansal narendramodi g oh terrorising religion,  ivivekbansal modiarmy hope australia beat shit islamic jihadis ritzy jewel,,,,,,,,,,,,,,,,,,,,,,,,,,,,,,,,,,,,,,,,,,,,,,,,,,,
break news people hold hostage sydney news,  joshuabruin pzfee ik ppl one,  wi palin pzfeed thank,  wi palin pzfeed old news timely info,  pzfee break news people hold hostage sydney news let syd lang,  pzfee break news people hold hostage sydney news drudge report,  liberata http t co l buq o e,  pzfeed dahboo black flag arab writing isis supporter soldier,  saintsupurdome pzfeed isis take cafe,  pzfee break news people hold hostage sydney news,  michaellfc pzfeed clue big difference,  liberata wi palin pzfeed old news timely info twitter search sydney sydneysiege sydneycafe,number keep grow pzfeed,  pzfee break news people hold hostage sydney news,  pzfeed happen,  pzfee break news people hold hostage sydney news wtf,  pzfeed old news,  pzfee change,  wi palin recommend,,,,,,,,,,,,,,,,,,,,,,,,,,,,,,,,,,,,
word whereabouts gunman man monis sydneysiege news http t co eqqespmihg,  newsaus newssyd hopefully dead well drag body sum world tolerate idiot,  newsaus minus head,  newsaus hell appropriate,  newsaus newsmelb hell hopefully,,  newsaus dead obviously,,,,,,,,,,,,,,,,,,,,,,,,,,,,,,,,,,,,,,,,,,,,,,,,
scary scene sydney right thought involve hopefully hostage situation resolve peacefully,  qurszaom vikkstar hostage situation cafe people gunpoint,  vikkstar school near city,  vikkstar ur thoughtful vik thank,  vikkstar like youtuber follow twitter speak situation respect,  vikkstar thank god live melbourne,  vikkstar thank support,  vikkstar s good guy vikk,  vikkstar ehm happen,  sagedenigma vikkstar help,  vikkstar thank bro,  vikkstar let hope safe new crew make situation well,  vikkstar people say isis keep hostage true,  vikkstar person handcuff,  vikkstar vikk ya cousin tell chill cafe,  vikkstar thank vikk thoughtful happen live care go,  daretotaha vikkstar fuck wrong,  robertw vikkstar oh thank information,  vikkstar thank international youtuber pray,  lukewarg vikkstar think right thing situation,  vikkstar crazy stuff think hour away,  vikkstar stuff happen australia lachlanyt see happen,,,,,,,,,,,,,,,,,,,,,,,,,,,,,,,,,
bomb detection robot enter martinpl caf sydneysiege news,  newsaus bomb detection robot enter martinpl caf sydneysiege news,  newsaus coverage today phenomenal,rt newsaus bomb detection robot enter martinpl caf sydneysiege news,  newsaus lokeshp dog,,,,,,,,,,,,,,,,,,,,,,,,,,,,,,,,,,,,,,,,,,,,,,,,,,
  people come run lindt cafe building include man look like cafe worker martinplacesiege sydneysiege,  newssydney qqqqqq definitely worker lindt uniform,nut newssydney misscherryjone,  sydney australia newssydney ppl run lindt cafe building include man look like cafe worker sydneysiege,  newssydney people come run lindt cafe building include man look like cafe worker,  newssydney ledgerous,,,,,,,,,,,,,,,,,,,,,,,,,,,,,,,,,,,,,,,,,,,,,,,,,
understand hillary clinton amp sen feinstein correctly st step current sydney hostage situation empathize w f'n bastard,  mbcompanyman lol good actually funny right stupidity,  mbcompanyman em coco nice chat senfeinstein fucking cunt bottomlne,  mbcompanyman nd step tell hostage taker exactly will not stop,  mbcompanyman step remind tangos isis islamic,  mbcompanyman instapundit try find feel mad amp aggrieve feel need hostage,  mbcompanyman wait think blame youtube video,  mbcompanyman sit chocolate ot,  danielwwelsh mbcompanyman obama team talk recommend australia police terrorist hostage,  mbcompanyman wrong ignore eventually away,  mbcompanyman hope suspect folk work think act like,  mbcompanyman instapundit bring encounter group force dialog root cause,  mbcompanyman step apologize,  mbcompanyman ask nicely cooperation maybe sentence sincerity,  mbcompanyman send bad ass send dead bad guy center mass mb happy holiday family,  mbcompanyman instapundit come sing say idiocy chance ridiculous mike,  mbcompanyman instapundit yes think new handbook dictate warm coco foot rub need project compassion build rapport,  mbcompanyman political climate get piss,certainly use gun defend mbcompanyman instapundit,,,,,,,,,,,,,,,,,,,,,,,,,,,,,,,,,,,,
  break police believe man sydney siege iraninan cleric man haron monis sydneysiege,  abcnew believe word nsw police,  abcnew typical aussie battler sound snipertime sydneysiege,  abcnew sydneysiege believe guy lock early police watch closely,  abcnew self proclaim cleric charge murder sexual assault send hate mail family aussie soldier,bullet head abcnew kerryepp,  random abcnew care spell filth filth,  abcnew give fuck hope chop cracker head mutha phucka holla,  abcnew try spell right,  abcnew home hmmm maybe issue,,  abcnew time send iranian cleric come body bag fine auspol,  ausatheistjim abcnew thing cracker respect violence dick head holla,  abcnew break police believe man sydney siege iraninan cleric man haron monis sydneysiege,  abcnew convert http t co apel j dj sydneysiege,  ausatheistjim abcnews ooooop lol,  sophiescranton miss perfect murderer right,  abcnews http t co ofc kmkguj,  paddypsb yes right agree entirely wording vulgar,  abcnew break police believe man sydney siege iraninan cleric man haron monis sydneysiege,  abcnew medium ask sydney,  paddypsb good dickhead,  keresperse abcnew absolutely right grammar grump time night,  mcmillianjm abcnews fuck wrong cunt,,,,,,,,,,,,,,,,,,,,,,,,,,,,,,,
police surround cafe central sydney report hostage take,  greeniec nope safe work mrs g far,  skynewsbreak police surround cafe central sydney report hostage take rubber dingy rapid,  skynewsbreak ' shahada ' flag flag display,  skynewsbreak police surround cafe central sydney report hostage take,  hannahc cunt,  skynewsbreak police surround cafe central sydney report hostage take hannah dornan,  kerry rad ooooh radder like drama day safe flight home amp hope amp fam great crimbo xx,  skynewsbreak read arabic script flag,  skynewsbreak carlyjay scouser nick hubcap panic,  skynewsbreak police surround cafe central sydney report hostage take kerry rad,  ashhutb joke sugar tit x,  greeniec thank mrs g xxx,  ashhutb go to nick cause bare rt,  chrisrhodespoke skynewsbreak yep guess flag look different one see helpful translation,  skynewsbreak food bad,  cocteau skynewsbreak sound like isis involve,  police surround cafe central sydney report hostage take rt skynewsbreak,  skynewsbreak shit coffee apparently,,,,,,,,,,,,,,,,,,,,,,,,,,,,,,,,,,,,
police aware hostage post gunman demand social medium sydneysiege,  skynewsaust sydneysiege,,skynewsaust police aware hostage post gunman demand social medium sydneysiege dahboo,  skynewsaust mutant muslims strike social medium win front barackobama stick policy,  skynewsaust chriscopywriter getwise qlder p s sydney,  skynewsaust terrorist gentleman get not furth truth,  skynewsaust police aware hostage post gunman demand social medium sydneysiege,,,,,,,,,,,,,,,,,,,,,,,,,,,,,,,,,,,,,,,,,,,,,,,
update hostage flee sydney cafe hold iranian gunman explosion gunshot hear http t co wrpvzsjhlx,  foxnew say hand shoot police overreaction people glad police trouble,  foxnew look like,  foxnew get sniper rifle aim head idiot know thing well,  foxnew religion peace,  foxnew update pa shooting,  foxnew hope customer free chocolate life spineless thug action,  foxnew hope kill,  foxnew hopefully turn swiss cheese,  foxnew think allow people carry gun dead minute take hostage gunssavelive,  bernhardtbeach like people resilient amp sydneyseige,  foxnew work place violence,  foxnew let aussie send dude hell,  anjalisidebar safe,  foxnew hostage flee sydney cafe hold iranian gunman explosion gunshot hear http t co nsv ebl ac turningpoint,,,,,,,,,,,,,,,,,,,,,,,,,,,,,,,,,,,,,,,,
hostage post request gunman social medium nswpolice ask medium publish request sydneysiege,  mariajohnson em partridge smh nswpolice issue police have control broadcast dangerous precedent shame,  blastedsilver em partridge good reason disturb actually sydneysiege,  firefly rfs mariajohnson em partridge smh nswpolice true necessary emergency like,  em partridge bevforte nswpolice let guess filthy muzzie terrorist want virgin goat fuck,  em partridge smh nswpolice unfortunately stop strait time,  firefly rf em partridge smh nswpolice true guess unknown know good,  blastedsilver em partridge link stuff share post,  em partridge smh nswpolice censorship answer people right know,  firefly rf em partridge smh nswpolice think intention protect hostage,  em partridge hostage post request gunman social medium police ask medium publish request sydneysiege,  blastedsilver em partridge worried offend people care,  em partridge smh nswpolice contact medium social medium big difference,  em partridge nswpolice smh harm hostage,,,,,,,,,,,,,,,,,,,,,,,,,,,,,,,,,,,,,,,,,
update hostage escape gunman continue siege sydney cafe http t co srn lp http t co jrxqbzbveh,escape release appreciate clarity nbcnew,  nbcnew update hostage escape gunman continue siege sydney cafe http t co d qxdwmd http t co p glwzvc j,  nbcnew helpful wonderful policeman help car break good kniw,  smokeegyrl nbcnew umm twitter sarcasm want freedom shit,  nbcnew bless,  jholmste smokeegyrl nbcnew occur sarcasm obvious think lady hell,  nbcnew bastard cop dare help,  smokeegyrl nbcnew bad one amp like bad human spellcheck grammar,  dajsamarasinghe nbc,  nbcnew update hostage escape gunman continue siege sydney cafe http t co vu rtnbl http t co lez khsan epidemic,scary nbcnew update hostage escape gunman continue siege sydney cafe http t co csamme gb http t co lkrfejyawe,  nbcnew thank god escape,  jholmste nbcnew cop bad bad one like bad human carry gun legally stop w sarcasm,  nbcnew king seattle sad news,,,,,,,,,,,,,,,,,,,,,,,,,,,,,,,,,,,,,,,,
confirm hostage customer worker release cafe sydneysiege,  theanonmessage release escape,  theanonmessage http t co qmgulquobv stop violence amp youth police amp http t co oxyd vwsyf,,,,,,,,,,,,,,,,,,,,,,,,,,,,,,,,,,,,,,,,,,,,,,,,,,,,
sydneysiege tenth hour police contact gunman http t co au t dssah http t co kqftolnhji,  skynews shoot interrogate,,  skynew great pic,  skynew refer islamic terrorist gunman speak truth radical islam poison,  skynew think simon,  skynew bet contact arrange go to actually hold hostage answer,  philipe oh,  skynew hhhhhh,  skynew sydneysiege tenth hour http t co s ym rlsf spot sarahhdean,,,,,,,,,,,,,,,,,,,,,,,,,,,,,,,,,,,,,,,,,,,,,
martin place sydney opera house amp state library evacuate sydneysiege follow blog http t co muc ivwbk http t co s hcq qoas,  alixsk abcnew expect ozero give green light,thank abcnew pic martin place show sydneysiege crowd onlooker real war place like syria crowd scatter,  abcnew people hand kurdish peshmarga finish isis long live australia amp long live kurdistan free,  abcnew stand crowd sydney right sydneysiege,  abcnew martin place sydney opera house amp state library evacuate ljcambria http t co dxeh kvre http t co lgigdzvyqm,  abcnews abcnewssydney seriously people follow direction evacuate area include dumbass spectator authority room,  abcnew person message kind act,  abcnew oh save hostage,mt abcnews martin place sydney opera house amp state library evacuate sydneysiege http t co afiwre v http t co fyfktws jq,  abcnew opinion want convey msg,  kathyrice abcnew https t co mfosuu hox hostage message medium bypass police,  abcnew look vulture leave police job stop give moron fame movealongfool,  kathyrice abcnew idea listener,  timkofcanberra abcnew say,,,,,,,,,,,,,,,,,,,,,,,,,,,,,,,,,,,,,,,,
break escape hostage situation cafe downtown sydney sydneysiege http t co gl dy pyn http t co oybxnaekv,,,,,,,,,,,,,,,,,,,,,,,,,,,,,,,,,,,,,,,,,,,,,,,,,,,,,,
hostage hold sydney cafe force hold islamic flag window http t co uiqfq ae http t co ldekqulycx,  reuter result finance criminal use relegion achieve political aim,  chaoukiajami reuter result religious fundamentalism period,  reuter damage obama appease communist irreversible stop nation collapse,  reuter hostage hold sydney cafe force hold islamic flag window http t co oisl pfzya http t co oown rwarz,  jdmoss mosquito fuck typical blood sucker bye concede liberal survive tax dollar,  jdmoss reuter clever tolerance conceded idiot spell correctly fuck,  jdmoss reuters good liberal spell check thing operate,  plkarter reuter spell conceite guess spell wrong twice mean dumb operate spell check,uh oh rt reuter hostage hold sydney cafe force hold islamic flag window http t co l gvze http t co z vmj cm,  jdmoss reuter enemy eventually supremacy concede idiot,  plkarter reuter know politic certainly understand use label,  gooddaypayday amen brother,  reuter wipe ass flag,  mukhtaryare ozzyformayor reuter r sidney send home bullshit one interested,  reuters katy amp bieber embrace islam http t co azf v kxt bible amp nasa embrace islam http t co kl pm fqct,  plkarter live china essentially let sink watch fox friend later today,  plkarter application twitter,  plkarter reuter afraid idiot fundamentalist want try point learn spell,  reuter leftist democrat charge party realize danger iran pose nuclear weapon animal destroy,  jdmoss work tweeter pastime activity glad show tolerance new obama immigrant,  reuters seetac thank goodness uber flag elicit worldwide outrage,  reuter hostage hold sydney cafe force hold islamic flag window http t co erqmi medf http t co khit mb q,  jdmoss gullible democrat amp fully realize sleep assure comrade amp fail,hostage hold sydney cafe force hold islamic flag window http t co azw zhwf n reuter,islamic flag rt reuter hostage hold sydney cafe force hold islamic flag window http t co lqtksh ud,  plkarter clear indication one intelligence option create position imagine detractor,hey reuter islamic flag know talk well report pablodiez abc,  plkarter reuters islamic state islamic terrorist sunni iran shia enemy educate,  peterlawrey thank tell concede gullible liberal think garbage look australian amp f,  reuter pray evening join amp freaking terrifying worry life,  plkarter realise sydney australia conservative national government member liberal party,isis omg reuter hostage hold sydney cafe force hold islamic flag window http t co g znpft j http t co vu soqgwjp,,  toucansam empty clip m r f s,,,,,,,,,,,,,,,,,,,,
break alert preliminary report indicate perpetrator appear member isis sydneysiege,  designnotdrum theanonmessage read aussie news report spread rumor grow nick,  theanonmessage isis group,  designnotdrum jschoenberger theanonmessage agree point btw,  jschoenberg theanonmessage isis flag islamic stop spread false rumor,  kth jschoenberger theanonmessage lone wolf immediately give credit fact checking favor,  jschoenberger theanonmessage interesting guardian say different http t co mwe cclxoe,  theanonmessage isis flag supposedly window,  theanonmessage break alert preliminary report indicate perpetrator appear member isis sydneysiege good,  designnotdrum jschoenberg theanonmessage shahada black flag general jihad flag al qaeda al nusra etc use,  theanonmessage break alert preliminary report indicate perpetrator appear member isis sydneysiege wonderful,  designnotdrum jschoenberg theanonmessage actually matter,  kth jschoenberger theanonmessage sure link isis factually inaccurate irresponsible,,  jschoenberger theanonmessage shahada group http t co ntmkhzkmtx basic googling skill help misinfo,,,,,,,,,,,,,,,,,,,,,,,,,,,,,,,,,,,,,,,,
  break number people appear flee scene sydneysiege lot scream,  sema beach iamnotshoute nicholasdole abcnew hope glad safe,  kaitjb iamnotshoute nicholasdole abcnews massive gunfire,  sema beach kaitjb nicholasdole abcnews fuck fuck fuck,  sema beach kaitjb nicholasdole abcnew thank bob good health mate,  iamnotshoute kaitjb nicholasdole abcnew yeah good,,  iamnotshoute kaitjb nicholasdole abcnew think get cunt,  sema beach iamnotshoute nicholasdole abcnew okay sleep worried,  sema beach iamnotshoute nicholasdole abcnew glad alright bob thank update well wish,  nicholasdole nycjim v skynewsaust break skybusiness hostage escape sydneysiege http t co cf w hr v carsonscottlive,  kaitjb iamnotshoute nicholasdole abcnew load stun grenade,  sema beach iamnotshoute nicholasdole abcnew watch happen glad hostage okay,  nicholasdole break number people appear flee scene sydneysiege lot scream,  kaitjb iamnotshoute nicholasdole abcnew police live ammo paramedic enter,  iamnotshoute kaitjb nicholasdole abcnew nearly,  nicholasdole abcnew get alive,,,,,,,,,,,,,,,,,,,,,,,,,,,,,,,,,,,,,,
rt australian siege situation currently unfold sydney martin place update http t co yqjwqhn rr http t co bbph ds h,,,,,,,,,,,,,,,,,,,,,,,,,,,,,,,,,,,,,,,,,,,,,,,,,,,,,,
hostage involve sydneysiege text ok mother http t co vcuxbphccp http t co liejfjffn,  abhishek jusy like terrorist difference civilan army usa difference,  abhishek muslims terrorist doggggs,  bbcworld think guy young brother kasab,  ibedaboss yes extent u r correct u hv accept tht terrorist cnt blame entire islam,  ibedaboss point religion fr terrorism bt ur fkn english mean smthe diff tht y u get fkng post like u,make sad bbcworld hostage involve sydneysiege text ok mother http t co ldb kk bis http t co ovwgow cgx,  peeyushmalhotra bbcworld tht wht guess wait right time execute s plan know guy team,  abhishek watch backladh muslims australia fight break,  ibedaboss correct bt muslim r not terrorist btw belong muslim religion,  ibedaboss thinkku u r mindless n sick wt u r saying prove u need medical treatment not desperate fr religion bt fr country,  bbcworld cop guy believe kind multi tasker guy geekorist,  bbcworld hostage gun news sydneysiege,  thinkku bbcworld islam favorite rt excuse islam totally different terrorism spread wrong msz,  bbcworld http t co cisr cycmo want invite religion islam hope know islam favorite rt bbc,  bbcworld hostage involve sydneysiege text ok mother http t co rmckbsyeax http t co duspwv lzb,  abhishek honest terrorism people islam peaceful blah blah piss,willing ride gunman big bad police offend muslim sensitivity illridewithyou bbcworld,  bbcworld belgium siege armed man enter apartment ghent police respond hostage crisis situation http t co dkw mnbird,  bbcworld pos need hole forehead asap,  ibedaboss u know thing u r big ass say terrorism n islam r completely diff thng religion people terrorist,  abhishek let clear fuck religion fucken country,  ibedaboss lol u infact u r get fuck d situation jst hv watch wid chip n beer gud fuck hard,  ibedaboss frankly ask r u terrorism religion,  abhishek turn tv watch tbe news people die u fuckwit fuck u waste space,  abhishek terrorist muslim,  abhishek thinkku shut u terrorist religion people die everyday world,  abhishek admit idlam cause numeraous promblem,  ibedaboss knw wht go not gud mankind ll shld survive wid peace comment religion bt comment terrorism,  abhishek wat u angry gonno kill innocent people lil prick,  abhishek musilm peopke act like victim,,,,,,,,,,,,,,,,,,,,,,,,
  breaking report hostage escape live ch sydneysiege http t co bzjmcjgyzu,  skynewsaust break report hostage escape live ch sydneysiege http t co pxrqmg t scary,  joseph m skynewsaust http t co qmgulquobv stop violence author avail hrs http t co mkdflmgwke,,,  skynewsaust jordansekulow default islamophobia hell yes http t co jluswqcq k http t co rulc uzn,  skynewsaust aus need idf help advice deal guy maybe hannibal solution,  jesuspaddy minimumwade skynewsaust tired terrorist muslim,  skynewsaust http t co qmgulquobv stop violence author avail hrs http t co y dagshiha,  minimumwade joseph m agree,  kinkynialler know worried step mum bc work city office go lockdown,  joseph m skynewsaust fuck,  kinkynialler say ok worried,  joseph m minimumwade skynewsaust cause load wanker,  joseph m jesuspaddy skynewsaust tell troll ignorant fool,  skynewsaust delete photo dope,  skynewsaust bring anymore muslim refugee live like,  skynewsaust maybe obvious question police position televise live,  fangirl watch news amp skin literally crawl,  minimumwade skynewsaust thank fuck muslims,  fangirl hope talk need x,  skynewsaust jackthelad escape mean free,  joseph m minimumwade skynewsaust joe,  kinkynialler thank,  fangirl omg horrible hope okay imagine feel rn,  skynewsaust shot eye,,,,,,,,,,,,,,,,,,,,,,,,,,,,,
man haron monis id'd gunman hold captive sydneysiege detail http t co p qlg mn http t co y jj zbzda,  foxnew slimey islamist,  foxnew kimmie tie isis take long,  foxnew background dark light glass,  foxnew ugh bearded piece shit,  foxnew sniper,  foxnew hang ass,  foxnew treat way treat lesson aussie kill barbarians peace peaceful,  foxnew gee cute quick hillaryclinton terrorist need empathy,  foxnew iranian refugee hold hostage australia president obama say islamic terrorism isil run,  foxnew snipe clear shot,  foxnew sydney think safe apparently nation back interest middle east,,  foxnew thank gun control law abide people defenseless isis survive free amp armed amdt state god bless america,  foxnew look like bitch,  foxnew pretty sure muslim pos try town deal armed citizen,  foxnew man haron monis id'd gunman hold captive sydneysiege http t co jgsvpwgc http t co cnkuvpj v pink mist,  foxnew son goat humper way ticket virgin goat,  foxnew man haron monis id'd gunman hold captive sydneysiege detail http t co vicio vsv http t co xtovzltmfd,  foxnew http t co f bw cqg,,,,,,,,,,,,,,,,,,,,,,,,,,,,,,,,,,,
