source_tweet,reply_1,reply_2,reply_3,reply_4,reply_5,reply_6,reply_7,reply_8,reply_9,reply_10,reply_11,reply_12,reply_13,reply_14,reply_15,reply_16,reply_17,reply_18,reply_19,reply_20,reply_21,reply_22,reply_23,reply_24,reply_25,reply_26,reply_27,reply_28,reply_29,reply_30,reply_31,reply_32,reply_33,reply_34,reply_35,reply_36,reply_37,reply_38,reply_39,reply_40,reply_41,reply_42,reply_43,reply_44,reply_45,reply_46,reply_47,reply_48,reply_49,reply_50,reply_51,reply_52,reply_53,reply_54,reply_55,reply_56,reply_57,reply_58,reply_59,reply_60,reply_61,reply_62,reply_63,reply_64,reply_65,reply_66,reply_67,reply_68,reply_69,reply_70,reply_71,reply_72,reply_73,reply_74,reply_75,reply_76,reply_77,reply_78,reply_79,reply_80,reply_81,reply_82,reply_83,reply_84,reply_85,reply_86,reply_87,reply_88,reply_89,reply_90,reply_91,reply_92,reply_93,reply_94,reply_95,reply_96,reply_97,reply_98,reply_99,reply_100,reply_101,reply_102,reply_103,reply_104,reply_105,reply_106,reply_107,reply_108,reply_109,reply_110,reply_111,reply_112,reply_113,reply_114,reply_115,reply_116,reply_117,reply_118,reply_119,reply_120,reply_121,reply_122,reply_123,reply_124,reply_125,reply_126,reply_127,reply_128,reply_129,reply_130,reply_131,reply_132,reply_133,reply_134,reply_135,reply_136,reply_137,reply_138,reply_139,reply_140,reply_141,reply_142,reply_143,reply_144,reply_145,reply_146,reply_147,reply_148,reply_149,reply_150,reply_151,reply_152,reply_153,reply_154,reply_155,reply_156,reply_157,reply_158,reply_159,reply_160,reply_161,reply_162
verse quran want hold hostage chocolate shop sydney terrorist fuck,shit sherlock real say decade try millenia learn history,religion not development fool,,,mohame like fuck little aisha like year old girl,hahahha right plenty bomb massacre,kid make hold islamic flag crime religiously motivate,exactly hold rte end action lone weirdo share,religion religion peace god like blood shed,,allah god thing lol different name,sorry reveal god issue read verse s answer,muslim follow religion yes terrorism religion fill hate,allah arabic word god,tweet allah alternate account,know god twitter account right buddhist maybe joke,communicate wrongly worship idol traitor,make point islam grow brain,release month contract mention text sure text promote conversion pagans,go end badly muslim carry idea objective isis,explain context imagine pact pact word mouth guess people verse,forbid expect common sense theist surely,cure religion education,oh god illegal,terrorism brutally kill people not deem muslim,fuck islam fuck mohame fuck goat,tee hee superb,bullshit daesh follow sunnah,,want god pbuh,gown preserve dignity gown well prostitute,verse release issue,ok invite verse say chocolate shop photo real book amp html text google translate,lol ya right mohame psychopath pedophile slaver,,bullshit surah slay idolater find captive,live mud hut wipe arse packet quaver,plague time thin herd,hah stop welcome monkey house god,verse pagans ask thee asylum grant amp escort secure,mt verse quran want hold hostage chocolate shop sydney,probably actually true mate,know mean mean people betray muslim time,yes muslims idol worshipper sign month peace agreement break agreement,muslim bad thing terrorism ww ww crusade e t c,course allah guy,,specially christmas chocolate easter prick,thank god gun bad,woman fucking stay hut gown follow strict rule,,not house work not want btw gown protect abusive culture,actually go mad perceive power goon,lmao ww kill ppl war stfu,mohame like kill people enslave rape fucker think okay,know lol ok,ugly extension amp,defend belief system condone wife beat surah murder unbelief make dick,wahey pathetic religion,muslim state isis help nato fight,gun say armed,islam lie suppressive measure population hold country decade,haha science rn sincere effort muslim scientist like al khwarzmi avicenna e t c,know joke right,allah traslate god arabic yeah,voicemail try later satisfied service cancel day,ww ww war kill people war start muslim u gud,religion complete fallacy,actually verse intend idol worshipper betray pact,sorry god wrong read prophet hadditha,,,,,,,,,,,,,,,,,,,,,,,,,,,,,,,,,,,,,,,,,,,,,,,,,,,,,,,,,,,,,,,,,,,,,,,,,,,,,,,,,,,,,,,,,,,,
mosque synagogue church invite public pray sydney hostage,surprised take hostage outnumber badly,specifically guy way big event discover transit hole near place,long kill hostage excellent chance make cafe alive,hole big event happen,disturbing news deep sympathy hostage family terrible them,,inclined think outside square smell right adl guy turn wrong flag etc,oh cool need religion,big event postpone foil hole stand get lot,wrong intuition tell religion base odd,provide kill fact stage nutter rampage,strong round denouncing violence religion actually effective,explain have wrong flag somebody right flag,,good job interfaith lot good ppl different faith believe islam call muslims good ppl,mosque synagogue church invite public pray sydney hostage irony explosion,evidence e flag say situation outline awful rmit guy morning somewhat plausible,termsof religion nice church mosque amp synagoge fm synagoge cruzade suicidebomber,,,,,,,,,,,,,,,,,,,,,,,,,,,,,,,,,,,,,,,,,,,,,,,,,,,,,,,,,,,,,,,,,,,,,,,,,,,,,,,,,,,,,,,,,,,,,,,,,,,,,,,,,,,,,,,,,,,,,,,,,,,,,,,,,,,,,,,,,,,,,,,,
viral aussie solidarity amid islamic state link,ride u ur mom,lol tweet say early tweet expose ugly face islamist,truth hurt dog breath,u look like ur wait cum shot ugly face,,abbot shirtfront terrorist,isis islam terror,islam hijack isis,oh bloody good world know amp pay western intel war terror fraud,islamia u pussy kill people syria everyday ur country support fuck ur self aust,becos austrlia choose bigotry will not stop jihad norway sweden uk lot cudnt stop jihad,becos austrlia choose bigotry will not stop jihad norway sweden uk lot cudnt stop jihad,face hide naqab burkha islam real curse humanity,u sort stinky paki ur thumb ur mouth suck go to ok child,ur face real terror u ugly mofo,chicken come home roost australian terrorist syria y u morn syrians u punk,tweet expose ugly face islamist,,,,,,,,,,,,,,,,,,,,,,,,,,,,,,,,,,,,,,,,,,,,,,,,,,,,,,,,,,,,,,,,,,,,,,,,,,,,,,,,,,,,,,,,,,,,,,,,,,,,,,,,,,,,,,,,,,,,,,,,,,,,,,,,,,,,,,,,,,,,,,,,,
continue monitor situation closely touch express thought prayer,,,,,,,,,,,,,,,,,,,,,,,,,,,,,,,,,,,,,,,,,,,,,,,,,,,,,,,,,,,,,,,,,,,,,,,,,,,,,,,,,,,,,,,,,,,,,,,,,,,,,,,,,,,,,,,,,,,,,,,,,,,,,,,,,,,,,,,,,,,,,,,,,,,,,,,,,,,,,,,,,,
love initiative spread compassion thought affect,agree important remember today everyday lifelong pledge,quote thing think hear dr king proud today,,,,,,,,,,,,,,,,,,,,,,,,,,,,,,,,,,,,,,,,,,,,,,,,,,,,,,,,,,,,,,,,,,,,,,,,,,,,,,,,,,,,,,,,,,,,,,,,,,,,,,,,,,,,,,,,,,,,,,,,,,,,,,,,,,,,,,,,,,,,,,,,,,,,,,,,,,,,,,,,
sydney siege hit hour mark live late summary event,guy hold cafeteria hostage irony medium cricise india take long neutralize,excellent roundup siege hit hour mark live late summary event,sydney siege hit hour mark live late summary event,sydney siege hit hour mark unreal hope hostage release unharmed,give communist view,consider mumbai police great job counter terrorist,add guy equipped police go hrs pity citizen,gun man pick target specifically medium attention,,,,,,,,,,,,,,,,,,,,,,,,,,,,,,,,,,,,,,,,,,,,,,,,,,,,,,,,,,,,,,,,,,,,,,,,,,,,,,,,,,,,,,,,,,,,,,,,,,,,,,,,,,,,,,,,,,,,,,,,,,,,,,,,,,,,,,,,,,,,,,,,,,,,,,,,,,
take selfie outside hostage situation seriously need reevaluate life,fuck kid moron,,bunch sick vapid twit,,yeah man know,,wrong ppl asshole begin technology let people know asshole,,,leader r big asshole pm abbott business usual c spend,agree technology turn human race insensitive unintelligent narcissist,wud pm idiot abbott need reevaluate life businesss usual folk c consume,technology bring inner assholeness people,fuck ashamed love take selfie disgusting,sick world live,think know clear take selfie photo,yes depressing level,internet famous asshole wear,,,,,,,,,,,,,,,,,,,,,,,,,,,,,,,,,,,,,,,,,,,,,,,,,,,,,,,,,,,,,,,,,,,,,,,,,,,,,,,,,,,,,,,,,,,,,,,,,,,,,,,,,,,,,,,,,,,,,,,,,,,,,,,,,,,,,,,,,,,,,,,,
lebanese muslim association issue statement condemn call calm,course islamophobe ignore muslim community speak,,terror religion goon play innocent life deal firmly,lebanese muslims call people remain calm united stand mention pray,letter clearly end pray,think go efficacy prayer solve specific wide problem,,iam sure world pray innocent ppl,question pray efficacy,,,,,,,,,,,,,,,,,,,,,,,,,,,,,,,,,,,,,,,,,,,,,,,,,,,,,,,,,,,,,,,,,,,,,,,,,,,,,,,,,,,,,,,,,,,,,,,,,,,,,,,,,,,,,,,,,,,,,,,,,,,,,,,,,,,,,,,,,,,,,,,,,,,,,,,,,
people safe amp account martin place studio evacuate thought involve,thank goodness people safe amp account martin place studio evacuate,,ask stupid question,people safe amp account aft studio evacuate thought w involve,rt people safe amp account martin place studio evacuate,  make safe police amp hostage broadcast police movement tactic,happy hear massive logo scroll,truth rumour train hijack edgecliff,safe broadcast live image gunman strategic location cop,good news prayer canada end peacefully,good hear guy safe let hope outcome hostage,,,,,,,,,,,,,,,,,,,,,,,,,,,,,,,,,,,,,,,,,,,,,,,,,,,,,,,,,,,,,,,,,,,,,,,,,,,,,,,,,,,,,,,,,,,,,,,,,,,,,,,,,,,,,,,,,,,,,,,,,,,,,,,,,,,,,,,,,,,,,,,,,,,,,,,
tourist take selfie outside like caf,,,start suddenly definition matter,,,terrible make ugly situation ugly,siege porn fuck,live place agree pain rubberneck confine outsider,,surly paddle snap intent purpose selfie,  necessarily definition go,true comment intend light hearte critique tourist mindset,,correct portrait sort viewer make little difference,,think people differentiate portrait take selfie,asinine tweet expect tourist town stand silence know siege,ha ha ha chester place talk throng summer,require take camera hold arm length point mirror case pic,smh rt tourist take selfie outside like caf,,stigma brit abroad know come hope peaceful outcome,,call surly happy happy place,,fair point u live area popular tourist test patience saint bless,fair point use hi light nit pick nature tweet,sadly medium pay use pic,hope proud mt tourist take selfie outside,,understand people want near potentially violent situation ugh,know holiday maker local,people appear brain surgically remove venture holiday,point matter way,ghoul detachment reality worry think,,,,,,,,,,,,,,,,,,,,,,,,,,,,,,,,,,,,,,,,,,,,,,,,,,,,,,,,,,,,,,,,,,,,,,,,,,,,,,,,,,,,,,,,,,,,,,,,,,,,,,,,,,,,,,,,,,,,,,,,,,,,,,,
say gunman reportedly know police medium,come craze nut jesus total different response r nut,hostage taker clearky plan location maxiumum effect medium coverage hope safe release,course cia false flag,shahada flag ' god allah muhammad messenger allah ' peaceful tolerant freak,mean catholic authoritative position,despite demand isis flag cafe guy gunman amp terrorist oh muslim,oh peter hore,know speculation fact,think people cafe,blame saudia cair m brotherhood want lull tolerate islam amp stop terrorist,stop report lunatic muslim complete news blackout act commit,hostage taker know medium police allow terroise public,brit pathetic far la la land r u go travel deny terrorism muslim,false flag divert frm d bad budget n cause racial division,say gunman reportedly know police medium,likely occur street channel studio,say gunman reportedly know police medium rolf harris,attention seeker minute shit brick,nut case religion matter practice black magic n stuff like,pray poor hostage hope gun man get bullet head,dude type terrorist forget flag right,mention involve murder sexual predator disguise spiritual,mean public figure,obviously know news hour,flag involve class terrorism probably news,,,,,,,,,,,,,,,,,,,,,,,,,,,,,,,,,,,,,,,,,,,,,,,,,,,,,,,,,,,,,,,,,,,,,,,,,,,,,,,,,,,,,,,,,,,,,,,,,,,,,,,,,,,,,,,,,,,,,,,,,,,,,,,,,,,,,,,,,
video footage show police storm sydney cafe,want live land free home brave europe,  video footage show police storm sydney cafe,video de la polic ingresando al cafe video footage show police storm sydney cafe,crazy thing see omg thankfully,video footage show police storm sydney cafe,pol cia invade caf na austr lia onde terrorrista mant m v rio ref n,people feel discussion amp communication solve problem anymore,video footage show police storm sydney cafe,,video footage show police storm sydney cafe,,video footage show police storm sydney cafe,video footage show police storm sydney cafe,,negotiation unreasonable people damage way,video footage show police storm sydney cafe,thank obama plan import thousand syrian usa transformation demographic great,video footage show police storm sydney cafe,  good police careful,rt video footage show police storm sydney cafe,new law pass kenya illegal medium house footage jail share,,,,,,,,,,,,,,,,,,,,,,,,,,,,,,,,,,,,,,,,,,,,,,,,,,,,,,,,,,,,,,,,,,,,,,,,,,,,,,,,,,,,,,,,,,,,,,,,,,,,,,,,,,,,,,,,,,,,,,,,,,,,,,,,,,,,,,,,,,,,,
sky news reporter scene live sky news,stop show police positioning,mt scene live sky news,break news muslim leader condemn oh yeah happen,,,,original content feed,,,,,,,,,,,,,,,,,,,,,,,,,,,,,,,,,,,,,,,,,,,,,,,,,,,,,,,,,,,,,,,,,,,,,,,,,,,,,,,,,,,,,,,,,,,,,,,,,,,,,,,,,,,,,,,,,,,,,,,,,,,,,,,,,,,,,,,,,,,,,,,,,,,,,,,,,,,
let mind associate kkk christianity,humble willfully ignorant goodness deny existence ss rs admit,let mind associate islam publicly hang behead gay,honey spread lie know answer,  lt hatred mlk get block,,block troll new tactic claiming kkk totally brain child liberal,wonder discuss hostage hastag,know talk southern strategy liberal hogwash feel well,,inability reason get call idiot,attorney general bug harass mlk bobby kennedy,deny false equivalency southern democrats diff current,blog self publish format well,  hero know history discuss pick rep john lewis sanders noam chomsky,reagan atwater liberal hogwash agree,racist cry racist,  good glad recognize ridiculous pundit side agree w wrong,,yeah true google southern strategy,,mentally retarded gt gt gt gt gt gt false claim suppose personal hand puppet,claim christian athiest actually,  sry butt revisionist fdrepublican tripe want knock humility sight,  sure establish yes correct abt fact,mlk opinion gt,complete lack education revolt,mlk refer way,kkk associate kkk christianity,mona charen lolol,  folk ' bubba ' go home democratic party vote bill clinton,,yes president goldwater attorney general bug harass mlk,mlk talk prople,look like find moron,rwnj deny southern strategy happen,bigotry paint south ' racist ' ashamed,kkk come democrat party google,good night divide destroy nation worth talk,completely ignorant american political history,,tell accept fact rwnj source like fox block,isn t true,look southern strategy,,problem relive past play game night thank,j e hoover belong political party hooverism,  minority voter focus white male vote south guess happen,,kkk come democrat party kkk terrorize black republicans,,frankly human refer way ppl w d down brain damage choice ppl insult hv choice,kkk come democrat party able read correct,  think right lie bit analgesic bruise conscience,victim democrat spin sad,kkk terrorist wing democratic party,shit cite fact give opinion claim wapo fact,book end clinton administration,,confuse fact opinion expect left opinion trump,basically say mlk retard,,absurd kkk associate christian identity,,,,,,agree buh bye,point basic logical fallacy false equivalency document racial prob south,google southern strategy provide source lbj quote kessler,google southern strategy,,neurology bad political idea moral choice iow leave disabled people,mona charen opinion writer,yike argue yr old,bab ' use ' retarded ' grow use insult go way party line,know fight black man woman anymore ridiculous,  educate political history u s head rnc,kkk refer conservative christian formula like,funny thing change tell racist party dem gop bad,,,  oh alright disagree guilty party real healing need honest witness past,bigotry democrats see subtly subtly label southerner ' racist ',  abt michael steele plus year ' southern strategy ' alienate,read read wapo opinion blog opinion,derp strong guess hard search congressional record,think go come aid,deny democrat party form kkk,,believe kkk consider white supremacist christian supremacist,,,glad refer southern strategy regan launch candidaacy speech philadelphia miss,,myth discuss people fight life imbecile,attribute insult mlk vile,lol idiot try equate islam chricon kkk,bigotry repulsive sicken,yes new select fact cherrypick history instead see reality,bot ass suspend yep tick libs reality,uh know bigot,sigh respectfully disagree fuck stupid,say bot suspend time,google sort crap fact fact wash ur crap gt,respectfully disagree fuck stupid,,,link civil right history gop,basic republican party,wtf wrong w ppl,,fail cry democrat spin lol,think know actual history twisting stuff try upset,  civil right history gop end,,,,,,,,,,,,,,,,,,,,,,,,,,,,,,,,,,,,,,,,,,,,,,,
thousand word picture police absolutely amazing today,  word picture police absolutely amazing today,sorry ask happen sydney,' ' gunman enter cafe take customer hostage lot know,,,,count word picture beer burger,world actually fuck prayer hostage family,hash tag highlight good humanity x,,,,,,,,,,,,,,,,,,,,,,,,,,,,,,,,,,,,,,,,,,,,,,,,,,,,,,,,,,,,,,,,,,,,,,,,,,,,,,,,,,,,,,,,,,,,,,,,,,,,,,,,,,,,,,,,,,,,,,,,,,,,,,,,,,,,,,,,,,,,,,,,,,,,,,,,,
late armed police storm cafe multiple hostage free paramedic enter scene,,vip paedophile network ' shut police investigation get close ' retire officer claim,aaron iranian monie kidnap hostage sydney,kill far hope,wow news late,,,,,,,,,,,,,,,,,,,,,,,,,,,,,,,,,,,,,,,,,,,,,,,,,,,,,,,,,,,,,,,,,,,,,,,,,,,,,,,,,,,,,,,,,,,,,,,,,,,,,,,,,,,,,,,,,,,,,,,,,,,,,,,,,,,,,,,,,,,,,,,,,,,,,,,,,,,,,
prouder love country,sweet post lift heavy particularly night profession riddle,,,,,,,,,,,,,,,,,,,,,,,,,,,,,,,,,,,,,,,,,,,,,,,,,,,,,,,,,,,,,,,,,,,,,,,,,,,,,,,,,,,,,,,,,,,,,,,,,,,,,,,,,,,,,,,,,,,,,,,,,,,,,,,,,,,,,,,,,,,,,,,,,,,,,,,,,,,,,,,,,
hell wrong people take selfie m lindt cafe,,,read interesting perspective ' terror ' fight terror act show affraid,p s say agree interesting perspective,,hell wrong people take selfie m lindt cafe ugh,reflection moral impropriety decline,,isis rapisce e terrorizza un bar sudney e passanti fanno senfie che cazzo gli prende alla gente,,probably follow tony order yobbo,tragic narcissism interested social medium profile crisis underway,priority siege life balance captive say lot,hope future facelift go bad viral,,shameful civilised pple blame uncivilized,hell wrong people take selfie m lindt cafe,  fucken moron,,,,,,,,,,,,,,,,,,,,,,,,,,,,,,,,,,,,,,,,,,,,,,,,,,,,,,,,,,,,,,,,,,,,,,,,,,,,,,,,,,,,,,,,,,,,,,,,,,,,,,,,,,,,,,,,,,,,,,,,,,,,,,,,,,,,,,,,,,,,,,,,
not sleep know minute away innocent people hostage hour pray hostage sydney,distance joke terrify,stay safe alright xx,,stay safe xx ily,,sleep scared guy sydney stay safe,know u feel,look away tv horrible,mate m legit minute wtf stay safe xxxx,,,,,,,,,,,,,,,,,,,,,,,,,,,,,,,,,,,,,,,,,,,,,,,,,,,,,,,,,,,,,,,,,,,,,,,,,,,,,,,,,,,,,,,,,,,,,,,,,,,,,,,,,,,,,,,,,,,,,,,,,,,,,,,,,,,,,,,,,,,,,,,,,,,,,,,,,
australia reaction magnificent,,need advert happy slow ' user expernce ',like try scroll downward treacle give article recently afraid,ok read article ctrl u code prune relevant bit save htm open,,make effort read article get benefit site lt sec,amazing australia reaction magnificent,hi want read story website unusable w ad appear text amp follow,make proud human great ppl cultue share human value,,read text ctrl u firefox bring code article start line,,proud rt australia reaction magnificent,muslim aussie brother sister australia love aussie mate,,expect great country,australia reaction magnificent win,muslims australia love loudly thank,,,,,,,,,,,,,,,,,,,,,,,,,,,,,,,,,,,,,,,,,,,,,,,,,,,,,,,,,,,,,,,,,,,,,,,,,,,,,,,,,,,,,,,,,,,,,,,,,,,,,,,,,,,,,,,,,,,,,,,,,,,,,,,,,,,,,,,,,,,,,,,,
pray crazy idea islam hubris act despicable,actually open interpretation think interpretation right,message banner say god allah muhammad prophet yes pretty sure islam idiot,islam muslim country breivik,' co opt ' muslim fuck anti white prick,attack white country believe islam rule world,islam reason take people hostage threaten white australian idiot,  create islamic enemy,act inside religion koran contain incitation violence,,important consider stop make excuse radical islam dickhead,cause year ago see muslim hurt news angry amp easily fall thing,pray disbeliever take hostage muslim allah hate disbeliever want burn skin,say muslims rule non muslims stop make excuse holy war,people die today fact defend islam make sick,hey jolly practice run feel yeah people moslem community sad zio,oh right entirely accident plane fly twin tower entirely accident muslim,muslim agree slogan flag think islam,y need proper muslim teach proper jihad uneducated youth act anger amp wrong,feel fold situation negative feeling moslem practice run cop think,,,,,,,,,,,,,,,,,,,,,,,,,,,,,,,,,,,,,,,,,,,,,,,,,,,,,,,,,,,,,,,,,,,,,,,,,,,,,,,,,,,,,,,,,,,,,,,,,,,,,,,,,,,,,,,,,,,,,,,,,,,,,,,,,,,,,,,,,,,,,,,
late update situation martin place,late update situation martin place scary,late update situation martin place,,late update situation martin place,,scary stuff live tv late update situation martin place,,,,,,,,,,,,,,,,,,,,,,,,,,,,,,,,,,,,,,,,,,,,,,,,,,,,,,,,,,,,,,,,,,,,,,,,,,,,,,,,,,,,,,,,,,,,,,,,,,,,,,,,,,,,,,,,,,,,,,,,,,,,,,,,,,,,,,,,,,,,,,,,,,,,,,,,,,,,
ppl tap dance likely happen sydney worried offend terrorist prayer,black flag window clue hint jolly roger,think pork sandwich rule,hostage fact jihadist flag fact terror fact leaping judgement fact,australia long black monday,journos maybe australia,flag belong extremist group jabhat al nusra speculate right,fear go end,backpack withstand acid,obesity chocolate cause right,adopt ' extremist ' view try rob mcdonald stick,report flag help authority,hope sas fill terroist lead,need umpa loompa swat team small causality way,jihad cherry pick naughty naughty way mo,,reliance traveller jihad mean war agnst non muslims,explain jihad thing murder,clear go thank concern,yes comment direct sensible reporting,funny miss news right winger take caf hostage hm,people flag belong extremist group jabhat al nusra probably typical psycho,funny dumb historically accurate funny,  lt stand,yell allahu akbar mentally ill politic think know situation,empathy hope virgin look like napoleon dynamite virgin virgin,say likely foolish report fact confirm aussie medium good job,know motive assume thing mentally ill people world,listen pick color deed,likely raid morning thing early need fact,right amp lot follow,certainly hope terrorist hold ppl hostage empathetic bleed heart,course inkling tea partier news fact,think dirt chocolate shop sugar deprivation,look like pig smell like pig sound like pig definitely giraffe,wow board maybe steer build sign sure like,cromnibus bill read,,black flag say alah god,trust muslim tell late not arab,like worldview shit usually think,bingo world pc good end,think hostage feel terror right make terrorist organization,m hostage sa,sound like pc bs keep rational people talk reality go,look way point expert,,bunny maybe poor derange jihadist feel bit misunderstood,anti water board freak pull terrorist,judge wave jihadi flag hold people gunpoint terrorist,live feed find,  say guy machine gun backpack hold hostage jihadi flag terrorist,,,watch go find troll hostage taker oh noe,share fear angry time,terrorism bill cosby unquestionably rape woman mike brown arm,,hostage act terrorist act islamic home grow crime,  gr mbthp,stop throw world terrorist freely,  nut yeah death cult like islam tendency attract ya know,propose right definition,bad coffee joke,  anxious meet virgin,,think group iza bunza nutzbagh,pretend journalist human nature judgement base experience,terrorist terrorist doubt feeling catch,train disciplined psycho amp jihadist kill muslim empathy ass,want sniper bullet fly true,,come city recently shoot mentally ill person label ' terrorist ',problem world today solve sniper rifle,,misunderstood person happen want chop head,cvmon bunny stop stereotype terrorist derranged sociopath,cuz need understand empathize terrorist duh ask hilary,yes ft hood call ' workplace violence ',,lol know racist terrorist life matter lol,easy way pronounce stick finger throat,think hostage situation require knowledge fact,  sigh point careful journalism practise absolutely know,possible need sharp point head understand,motive unconfirmed fact,likely yes fact complex,,bad joke kill,know word hold weight amp poor way use day,know motivation pm abbott say presser insta expert twitter,murderer use religion excuse murder,wait decide kill gotcha,jihad religious duty resistance struggle kill,backpack large hostage,hold tea party flag journo scream roof top,,believe islamic event convince real target usually exit plan,right wing paramilitary group,flag jihadist group know jihadist,maybe customer order large coffee amp offend,terrible thing cause terror terrorist,oh probably gideon bible march dime info maybe baby chipmunk,broad take know lone nut organise terrorism,chocolate shop make bad,right think happen armed robbery smh,jab hat funny,individual declaration motivation rely fact speculation,sure pronounce right,include word jihad murder video post coincidence,jihad jihad jihad purpose jihad,right sit worried r go to crucify puhleeze,,lock jewish school consulate evacuate americans tell high alert,  crack yeah great timing,face palm fact,maybe probably boattail round,probably abundance caution feel like go,bada bing mama mia lol,shoot nsw tactical response unit great bunch guy ability amp tool,jihadist flag try protect,clearly dark chocolate,,maybe u shld research david axlerod amp bill ayer obama pal guilty terrorist act,bias want believe happen mean actually happen,terrorist question wave flag represent jihadist group,,semantic allah devotee bloodthirsty god solid,send hillary right sydney sympathize hostage taker,interesting unfold aussie play,,,purpose eliminate fucking jihad,call terrorist consider torture time bunny terrorist feeling,,think workplace violence lol,leftist ausie concerned come abbott mouth care trap,,black flag arabic writing pretty good indication be sell cookie islam,sniper well wait frontal shot contain obamacare bill,college book hand oh wait wrong story,know religion time hint buddhist,think backpack sparky,secondary event ensure good coverage fit right,jihad coffee shop jihad damn decaf,yeah probably child bride stuff,lol mean sure,yea tea party real terrorist oh emm gee,let shoot find,,u get wrong end stick ' professional news reporting leap judgement,lol awesome intel analyst,yes merge isis,pay big buck lol hope wrong hope toy gun guy mentally ill,,flag belong extremist group jabhat al nusra thank,,hillary tell sympathize geez,research sweetie gt gt gt sarcasm,generic black shahada flag terrorist cud favor jihadi group point,offer pumpkin spice latte,recall t partier behead bombing innocent like obama pal,
hour night fall sydney hostage remain inside cafe,hour night fall sydney hostage remain inside cafe,,yup non muslim thread person religion,hour hostage remain inside cafe,,heart go friend sydney go,let hope end soon casualty,  know offender amp islamic flag window hour unconfirmed hostage remain cafe,,,,,,,,,,,,,,,,,,,,,,,,,,,,,,,,,,,,,,,,,,,,,,,,,,,,,,,,,,,,,,,,,,,,,,,,,,,,,,,,,,,,,,,,,,,,,,,,,,,,,,,,,,,,,,,,,,,,,,,,,,,,,,,,,,,,,,,,,,,,,,,,,,,,,,,,,,
number hostage take amish today zero lt religion peace look like,point think mom basement,mean sydney siege promote amish religion peaceful nation normal,point exactly religion peace talk behead ppl day,happy religion honorable war like jews lutherans,talk amish think hard know hint involve behead,prayer flag directly link isis isil stop stoke hype train bellend,isis represent islam host islamic scholar condemn act amp,yes point know religious group quit hate speech,happen will assumption christian evil act single misguided,dispute peaceful nation change muslim population grow see precursor,care talk amish,islam not people hostage fanatic call muslim judge entire religion,scumbag demand isis flag islam lol,christian commit act violence muslim wanna hear fucking peep,,um promote amish note actual religion peace,think dog act peddle kind time save later mate,' muhammad ' flag religion get,behead hundred thousand group believe,problem ambush refuse fight country,,,,,,,,,,,,,,,,,,,,,,,,,,,,,,,,,,,,,,,,,,,,,,,,,,,,,,,,,,,,,,,,,,,,,,,,,,,,,,,,,,,,,,,,,,,,,,,,,,,,,,,,,,,,,,,,,,,,,,,,,,,,,,,,,,,,,,,,,,,,,,
people take selfie return home look selfie amp unconscious blither idiot look like,geez hear imagine selfie taker hiroshima auschwitz laugh go hell,,,,,,,,,,,,,,,,,,,,,,,,,,,,,,,,,,,,,,,,,,,,,,,,,,,,,,,,,,,,,,,,,,,,,,,,,,,,,,,,,,,,,,,,,,,,,,,,,,,,,,,,,,,,,,,,,,,,,,,,,,,,,,,,,,,,,,,,,,,,,,,,,,,,,,,,,,,,,,,,,
forget moment thousand muslim australia rejoice,,mean aussie aussie aussie n,judge not know fact hostage,sharia democracy happen terrorist attack,democracy clash democracy sharia pakistan flavor sharia sharia finally,,yes yes let withhold judgment til happen learn,simpleton commentator rush muslims disown revere jihadi,spare thought million jihad victim china mideast usa uk thai philippines india,fact people rejoice right know shit,great time mosque open day wear hijab,exactly amp like antigovt have endlessly ridicule security stepup backpedal treachery,charia revolution come wall defend muslims,predict happen heart break neighbour ditch go scum,time baseless crap,picture clearly black flag jihad rocket science,,yes correct amp good time whitewash islam teach,lakemba n blow mosque,look place like pakistan sharia guarantee terrorist attack,,room france spain italy germany burma indonesia etc,strong prime minister happen prepared,,,,,,,,,,,,,,,,,,,,,,,,,,,,,,,,,,,,,,,,,,,,,,,,,,,,,,,,,,,,,,,,,,,,,,,,,,,,,,,,,,,,,,,,,,,,,,,,,,,,,,,,,,,,,,,,,,,,,,,,,,,,,,,,,,,,,,,,,,,
insanity come australia amp liberal lunatic concern political correctness,think australia egypt,obama administration coordinate aussie talking point sound like,workplace violence fight send theirs morgue,uh commish far know peta use flag like,judt noisy pre xmas party,twould apear america amp australia hav sum tingz comon pcz terorists racism etc,total denial unreal,liberal political correctness crock crap place world period,qualify hostage take jihadi flag terrorist event,come australia amp lib lunatic concern political correctness,kricky shoot bastard,,think cautious sake hostage,,,,,head ass sand incredibly dense amp blind people,art denial ridiculous,,,,,,,,,,,,,,,,,,,,,,,,,,,,,,,,,,,,,,,,,,,,,,,,,,,,,,,,,,,,,,,,,,,,,,,,,,,,,,,,,,,,,,,,,,,,,,,,,,,,,,,,,,,,,,,,,,,,,,,,,,,,,,,,,,,,,,,,,,,,,,,
today threat terrorism high yrs ago result support terror,divide culprit gain information abeldanger surmise know detail,war instigate political commercial gain criminal,,know plot need speak hang,meh guiness list lsd powerful drug existence fun lead,end topic faith patriot,oops accidently type mean,nuff say nice chatting,point somebody bad lsd trip ll end mental torture pain ur control ur mind,  operative deeply compromise die reveal relative eliminate north korea,go come pakistan not learn,ten option induce cooperation,protect drug trade secret cia torture instill fear gain information,find escort little eit exploration,,mccain ahole surprising talk eit recently,guy try treason,,,,,,,,,,,,,,,,,,,,,,,,,,,,,,,,,,,,,,,,,,,,,,,,,,,,,,,,,,,,,,,,,,,,,,,,,,,,,,,,,,,,,,,,,,,,,,,,,,,,,,,,,,,,,,,,,,,,,,,,,,,,,,,,,,,,,,,,,,,,,,,,,
pray sydney thank heaven stream foreign network american medium completely mia,confirm cnn give sunday night race relate breaking story,,fox news online,  ue newstalk give good coverage,thank god technology social medium know,stun cnn finally go live,move baby seal viral video report heaven,seriously kind disgusting break,bad conceal carry australia,,pray people sydney,  friend austraila say anti gun false flag global leader agenda push un small arm treaty,fair cnn say police incident,pray sydney thank heaven stream foreign network american medium completely mia,,usual will report make muzzie look like victim,,,,,,,,,,,,,,,,,,,,,,,,,,,,,,,,,,,,,,,,,,,,,,,,,,,,,,,,,,,,,,,,,,,,,,,,,,,,,,,,,,,,,,,,,,,,,,,,,,,,,,,,,,,,,,,,,,,,,,,,,,,,,,,,,,,,,,,,,,,,,,,,,,
think mate sydney hope okay,,,,wait day log amp scream lung see follower list follow p,,,wait day log amp scream lung see follower list follow d,,yes family thought prayer,,,,,,hey dan follow,,,,,dannnnnnnnnnnn come brazilll,,,,,,,,,,,,,,,,,,,,,,,,,,,,,,,,,,,,,,,,,,,,,,,,,,,,,,,,,,,,,,,,,,,,,,,,,,,,,,,,,,,,,,,,,,,,,,,,,,,,,,,,,,,,,,,,,,,,,,,,,,,,,,,,,,,,,,,,,,,,,,
respect people sydney show solidarity good way deal extremism,respect people sydney show solidarity good way deal extremism,sure politician stop love start stir hate,respect people sydney show solidarity good way deal extremism,try find form word support sydneysider sum perfectly thankyou,,see racist comment twitter facebook,,,respect people sydney show solidarity good way deal extremism,people right thank look,respect people sydney show solidarity good way deal extremism,read timeline bloody extremist wonder upset people stand,,  cough melbourne cough,,,united support muslim community amp want peaceful resolution,woman inspire sydney woman start melbourne,side extremist eh,,,,,,,,,,,,,,,,,,,,,,,,,,,,,,,,,,,,,,,,,,,,,,,,,,,,,,,,,,,,,,,,,,,,,,,,,,,,,,,,,,,,,,,,,,,,,,,,,,,,,,,,,,,,,,,,,,,,,,,,,,,,,,,,,,,,,,,,,,,,,,,
hour focus hostage situation sydney americans die gunshot,instead percent fail success rate method,  amp wrong,hand die regardless way tapdance blood,doubt dead people care,good fair point u personal knowledge suicide,sorry understand statistic work door run adult talk,psychology completely opinion base go desire perceive norm b,notable gun control country suicide rate comparable exist magic solution,obviously gun murder people kill gun dead,unlike response fa homicide prosecution costly incarceration bad optic,people want kill unfortunate gun contorl change,good point legality method shoot hang,  fact firsthand knowledge death suicide puleeeeez,gun murder death toll month,know people commit suicide citizen see gun,brilliant defense gun ignorance alive,,investigate overall gun injury surely,bow people late southern hemisphere thank,  day year suppose possible,sydney police impressive cool considered careful,lethality legality sorry try argumentative want opinion,,,far people perish poisoning fall x mv accident ' perspective,course people choose effective mean fault decision,,actually man likely use violent mean suicide likely,american psychological association disagree,gun death nearly intentional accident definition,psychology empirically base account cultural societal norm,,unfortunately fixate gun death exactly try imply,large chance fail suicide attempt dead people violent mean,,think make choice like mean matter,australia show hypothesis false,think try kill care legality method,yes suicide homicide,thank hopefully hostage piece,indians die traffic accident,like people want parade ignorance statistic today,intentional suicide unlawful easily preventable mean,exactly aus actually show suicide substitution real people hangr,fail help need,,,,firearm homicide lt violent crime amp death homicide city,oh magic solution course wonder death,,tapdance blood suicide dead regardless gun change,people choice agree mean need help,,sorry point fact ignorance war peace right,right suicide gun death,,,try question go succeed,succeed try maim exactly go improve outlook,,people choose kill effective disfigured maimed life,think people want kill go,succeed man pill like woman,,,,,,,,,,,,,,,,,,,,,,,,,,,,,,,,,,,,,,,,,,,,,,,,,,,,,,,,,,,,,,,,,,,,,,,,,,,,,,,,,,,,,,,,,,,,,,,,,,
hat guy awesome faith humanity restore,love love guy,,idiot kafir save humanity amp jihadi pig kill lear kafir u r war,,feel rt hat guy awesome faith humanity restore,awww love great work help feel save,wonderful muslim non muslims come atrocity,amazing story ppl right live peacefully safely neighborhood religious ppl,,proud fellow australian walk tall religious attire walk,,,,,,,,,heartwarming loud clear racist welcome,,loud clear racist welcome,,omg nearly cry read,hat guy awesome faith humanity restore kudo,,feel humanity love feel safe think,,,,,,,,,,,,,,,,,,,,,,,,,,,,,,,,,,,,,,,,,,,,,,,,,,,,,,,,,,,,,,,,,,,,,,,,,,,,,,,,,,,,,,,,,,,,,,,,,,,,,,,,,,,,,,,,,,,,,,,,,,,,,,,,,,,,,,,,
hostage escape gunman see get extremely agitated shouting remain hostage,hi chris think able talk bbc newsnight live tomorrow morning time well,jesus h christ,understand dosnt police sniper idiot,sane arrogant self centre fuckwit,yes possibly know type glass worth bullet ricochet instead,exactly think s get tell public hope wrong,irresponsible journalism journalist consideration family friend hostage,exactly shoot terrorist police commissioner deputy incompetence,normally sniper fire shoot break glass second hit target conjecture,  terror plot foil fbi set entrapment know psyop public,accuse people rubberneck terrorist attack,need dead man switch,right hopefully ok,,report accuse job journo direct anger,gun load public relation stunt gain public approval war spending,hostage escape gunman see get extremely agitated shout remain hostage,end result public approval spending draconian surveillance law security,medium drive home narrative condition viewer work like charm,s know police question,yeah maybe reveal,way s end result sure,hi chris short bbc thank,,maybe clear shot d hate regret take later,probably line window civilian shooting injure,lose respect journalist stop car crash journalism start take role seriously,hi chris mark bbc radio world uk see cnn talk,hostage escape gunman see get extremely agitated shouting remain hostage,,,,,,,,,,,,,,,,,,,,,,,,,,,,,,,,,,,,,,,,,,,,,,,,,,,,,,,,,,,,,,,,,,,,,,,,,,,,,,,,,,,,,,,,,,,,,,,,,,,,,,,,,,,,,,,,,,,,,,,,,,,,,,,,,,,,,
break sydney hostage taker believe self style muslim cleric face string violent charge,iranian bear refugee tell australian deport iran problem solve,break sydney hostage taker believe self style muslim cleric face string violent charge,,report info help sydney police hostage save later active situation gunman use socmedia crave attn,break sydney hostage taker believe self style muslim cleric face string violent charge,aussie govt end night send kind gas c duct sedate terrorist unconscious,,,creepy reason walk unmonitored place ugh,prob cuz innocent people inside gun blaze gas throwing,,break sydney hostage taker believe self style muslim cleric rep muslims sensationalize add fuel,iranian refugee grow sunni shia family baluch kurd tony abbott agent,break sydney hostage taker believe self style muslim cleric face string violent charge loser,break sydney hostage taker believe self style muslim cleric face string violent charge,,ah open fire stun grenade get hostage,aussie govt use gas include terrorist unconscious storm amp capture,break sydney hostage taker believe self style muslim cleric face string violent charge,,,,,,,,,,,,,,,,,,,,,,,,,,,,,,,,,,,,,,,,,,,,,,,,,,,,,,,,,,,,,,,,,,,,,,,,,,,,,,,,,,,,,,,,,,,,,,,,,,,,,,,,,,,,,,,,,,,,,,,,,,,,,,,,,,,,,,,,,,,,,,,
call amp australia hostage fear amp hate,tony salivate bring race riot,prayer religious hogswollop get point,bring law stop dissension amp privacy amp bob uncle brandi king,yeah need religion,atheist will welcome,call amp e,pray hostage taker pray humanity pray calm pray end peacefully,,,,,,,,,,,,,,,,,,,,,,,,,,,,,,,,,,,,,,,,,,,,,,,,,,,,,,,,,,,,,,,,,,,,,,,,,,,,,,,,,,,,,,,,,,,,,,,,,,,,,,,,,,,,,,,,,,,,,,,,,,,,,,,,,,,,,,,,,,,,,,,,,,,,,,,,,,,
likely carry ' lone wolf ' minimal link organize terror group expert say,lone wolf lately,canadian soldier murder canada november lonewolf jihadist,look like wannabe wrong flag probably market want aus police right flag moron,,apparently coreligionist link require time explore connection terror prevention,lot lone wolf lately eh sound lone wolf keep happen,,damn mean massive reaction australia mind find link,s think terrorist blow guy probably scared twit,,write book hostage terrorist terrorist hostage,want publicity s shoot sob,yes hallmark deluded loner flag tell v scary irrationality,dirty mention innocent civilian w cause radar west coast ban,lone wolf islamic terrorist,likely carry ' lone wolf ' minimal link organize terror group,help amp feel well terror attack nonetheless,witness say threaten jihadis msm afraid,minimalisze risk take,apparently isis advocate supporter demand flag release,,,,,,,,,,,,,,,,,,,,,,,,,,,,,,,,,,,,,,,,,,,,,,,,,,,,,,,,,,,,,,,,,,,,,,,,,,,,,,,,,,,,,,,,,,,,,,,,,,,,,,,,,,,,,,,,,,,,,,,,,,,,,,,,,,,,,,,,,,,,,,
sydney siege end police storm lindt cafe hostage run,m nh t like share nha u h t ng lg,lot worried muslim,,,,,,,,,,,,,,,,,,,,,,,,,,,,,,,,,,,,,,,,,,,,,,,,,,,,,,,,,,,,,,,,,,,,,,,,,,,,,,,,,,,,,,,,,,,,,,,,,,,,,,,,,,,,,,,,,,,,,,,,,,,,,,,,,,,,,,,,,,,,,,,,,,,,,,,,,,,,,,,,
australian use hashtag solidarity muslim sydney siege,  wish oz people show solidarity jewish population summer story,local school jewish happy chanukah,hear different account good hear support happy chanukah amp end soon amp peacefully,hear laughter background accompany comment bunch gullible sucker,s true patriot australian use hashtag solidarity muslim sydney siege,,,aussie classy people,s true australian use hashtag solidarity muslim sydney siege,nice gesture primarily solidarity hostage worry later,,not speak time sydney will let hatred win amp take care safety vulnerable ppl,wait people hold gun point freakin coffee shop,think hostage need solidarity,,taking hostage situation abuse freedom god allow increase racial religious issue sag,wonderful wrong hostage actually grave danger feel focus,lot cowardly ppl,thank important respect unfortunately result sad salvador,yes yes come,australian use solidarity muslim sydney siege proud aussie today,,hey speak buddy,,,,,,,,,,,,,,,,,,,,,,,,,,,,,,,,,,,,,,,,,,,,,,,,,,,,,,,,,,,,,,,,,,,,,,,,,,,,,,,,,,,,,,,,,,,,,,,,,,,,,,,,,,,,,,,,,,,,,,,,,,,,,,,,,,,,,,,,,,,
australia reaction magnificent,australian probably deserve x mas present send troop fight isis terrorist iraq idiot send,reddit link offer request help,,,,,,,,,,,,,,,,,,,,,,,,,,,,,,,,,,,,,,,,,,,,,,,,,,,,,,,,,,,,,,,,,,,,,,,,,,,,,,,,,,,,,,,,,,,,,,,,,,,,,,,,,,,,,,,,,,,,,,,,,,,,,,,,,,,,,,,,,,,,,,,,,,,,,,,,,,,,,,,,
pray people sydney need peace world sheesh,pray people sydney need peace world sheesh,totally agree pray people hold amp family tear apart senseless death,pray people sydney need peace world sheesh,,live min away situation scare hell pray,,,like muslim think want peace,peace amp love,,  right carry handgun,  take side peace preach peace get behead isis destroy,,bad hearing happen live happen,,,,,,,,,,,,,,,,,,,,,,,,,,,,,,,,,,,,,,,,,,,,,,,,,,,,,,,,,,,,,,,,,,,,,,,,,,,,,,,,,,,,,,,,,,,,,,,,,,,,,,,,,,,,,,,,,,,,,,,,,,,,,,,,,,,,,,,,,,,,,,,,,,,,
sydney attack late th hour people escape gunman demand speak pm isis flag claim bomb amp city,gunman get take rest hostage,sorry early report say update,early report say mean,shooter australia place talk,dumbass multiple opportunity kill bastard sniper wtf wrong,,,,,,,,,,,,,,,,,,,,,,,,,,,,,,,,,,,,,,,,,,,,,,,,,,,,,,,,,,,,,,,,,,,,,,,,,,,,,,,,,,,,,,,,,,,,,,,,,,,,,,,,,,,,,,,,,,,,,,,,,,,,,,,,,,,,,,,,,,,,,,,,,,,,,,,,,,,,,
perpetrator target citizen irrespective faith cut anti muslim bigotry twitter,oh right doctrine fundamentalist use literal intepretation mean word word,criticize islam constitute anti muslim bigotry,perpetrator definitely shia ponder,hezbollah terrorist attack anti muslim bigotry truth report,,yes unfortunately bigotry rely rational thinking,true muslim extremist kill fellow muslim lot,starter huge muslim jihadi flag hang terrorist building clue,lol problem kind exceedingly rare buddhist mormon muslims champion crap,agree fair bet cafe politely ask religion start,' bigotry ' aim terrorist muslim yes disgraceful cunt yes muslim like,terrorist idea commit terror religion,give shit kill enemy,bigot excuse express voice feel result,u conveniently ignore violent text doctrine play victim long suit agenda,apologist excuse pat shoulder misrepresent situation amp criticize,wait fact know,religion yes rely rational thinking cuz mo fly magic horse,anti muslim bigotry twitter morning see plenty moral equivalence lefty wanker tho,suppose ignore perp muslim religion muslim persecution gay woman,sadly backlash islamophobia social medium ground increase,b looney know forget nasty sword turn b plastic,,khaled islamophobia lose sting call infidel,,,,,,,,,,,,,,,,,,,,,,,,,,,,,,,,,,,,,,,,,,,,,,,,,,,,,,,,,,,,,,,,,,,,,,,,,,,,,,,,,,,,,,,,,,,,,,,,,,,,,,,,,,,,,,,,,,,,,,,,,,,,,,,,,,,,,,,,,,
female hostage appear turn light lindt cafe tonight,totally agree tweet,know tweet picture like,repost think poor woman family delete,,glad hear poor woman die pic post net click wrong,know good idea tweet real time guy,report block post sensitive image suggest u,,,yep wrong sure report update want image,adhere police request publicise image,yep care wanna cash wish post pic,,right sorry delete,pig australian medium joke image awful distasteful,,agree fke shameful post absolute c nt sydney morning herald,surely think okay poor girl face blur website,angle shot sky news indicate police request medium broadcast blur hostage face,totally agree wonder report twitter police,god bless colleague strong safe pray,report image contain sensitive image hope police deal medium later date,heartbreaking picture family devastate disguise face privacy,,,,,,,,,,,,,,,,,,,,,,,,,,,,,,,,,,,,,,,,,,,,,,,,,,,,,,,,,,,,,,,,,,,,,,,,,,,,,,,,,,,,,,,,,,,,,,,,,,,,,,,,,,,,,,,,,,,,,,,,,,,,,,,,,,,,,,,,,,,
hard sleep tonight know innocent people far fear hour,,,,,,,,,,,,,,,,,,,,,,,,,,,,,,,,,,,,,,,,,,,,,,,,,,,,,,,,,,,,,,,,,,,,,,,,,,,,,,,,,,,,,,,,,,,,,,,,,,,,,,,,,,,,,,,,,,,,,,,,,,,,,,,,,,,,,,,,,,,,,,,,,,,,,,,,,,,,,,,,,,
australian prime minister tony abbott addressing incident sydney watch live cnngo,piece shit arab die,dio proteja los rehene,australian prime minister tony abbott addressing incident sydney watch live cnngo,cover cnn tv,ho shit know look shirt,wow figure important good,,hey feinstein watch,doubt islamic terrorist pakistani origin,swat team aboriginal boomerang,wish arab die look different terrorist act criminal behaivor,ha ha let find blame pakistan,australian prime minister tony abbott addressing incident sydney watch live cnngo,great political commentary killer fashion sense boot love fedora,australian prime minister tony abbott addressing incident sydney watch live cnngo,,u r b e s fault,nation like howeva people like u believe u know,yes right hate arab horrible disgusting people,hostage take islamist incident terrorist need string,australian prime minister tony abbott addressing incident sydney watch live cnngo,,,,,,,,,,,,,,,,,,,,,,,,,,,,,,,,,,,,,,,,,,,,,,,,,,,,,,,,,,,,,,,,,,,,,,,,,,,,,,,,,,,,,,,,,,,,,,,,,,,,,,,,,,,,,,,,,,,,,,,,,,,,,,,,,,,,,,,,,,,,,
fact religious loner exactly isil aim inspire modus operandi,real source apart people wild belief islamic caliphate way forward frightening,,help publicize barrett story,  problem solve invite join conservative party,yes absolutely comfortable term self starter early want alternative,feel free berate noble sentiment nationalism kill way people,like mohammed order follower murder people,lone operator lone detect pattern,repeat muslims murderer decency,good point hopefully turn trend ten hundred individual,bring harmfulness cocaine defend pcp,lone wolf lone wolf follower facebook surely not follow pro rape life,problem maajid religious loner continuous stream muslim nut job attack,oh word think tear jihad quash fallacy let look communist murder,yes religious lone wolf muslim find support terrorism ' holy book ',head goat ass nawaz islam cult religion god bless uk usa amp australia,,,  angry nutter religion excuse,  attack terrifying scenario world deal largely unstoppable,true think categorize attack lone wolf inaccurate description,breathe say muslims billion million murderer idiot,coran coran muslims different stupid great,  angry white atheist wish group join brutalise ppl behalf,,  like mohammed order follower murder people misunderstood don t think,indicate fundamentally wrong ideology,maajid penny pinch sensationalist,repeat muslim murderer,,,,,,,,,,,,,,,,,,,,,,,,,,,,,,,,,,,,,,,,,,,,,,,,,,,,,,,,,,,,,,,,,,,,,,,,,,,,,,,,,,,,,,,,,,,,,,,,,,,,,,,,,,,,,,,,,,,,,,,,,,,,,,,,,,,,,
sydney muslims thank,suppose abbott shorten amp crap merchant muslim pr rant,  disgrace friend try use illridewithyou intentionally hurt people check fact,notice gt reaction remind muslims report ' islamophobia ' fb page,opinion remember need politically correct,live lovely friendly muslim people syria,block bobbie worth,love muslim terrorist jail,know rhodesia know idiot aussie tell rhodesian country native,dead muslim smile bike offensive especially family wan cry,hour grief innocent die sick mind regale,sydney muslims thank death hostage,hate innocent people think london attack right thing liberal follow,race responsible child dead pakistan morning,disgrace joke surely picture disgrace like truth,understand ppl wrong wrong way look disgrace big time,  double fuck,agree dumb dumb hack,support religious garb muslim thank,victim think kill terrorist gun mistake,civilized people care muzzie target harass,mistake say terrorist gun muslim terrorist gun,fuck australia abo people control country hmm,yep come block awful people,long home safe public transport ok,live lovely peaceful muslim friend syria,waste time bother ppl answer swear word show ignorance,  die cafe muslims victim like offer condolence family die,talk cheap protest disown gunman thousand way,outrage moderate muslim mass rally plan,protest ander brevik support,talk have priority check,people care kill fact innocent people pay,mt process create web app help easy people,listen geyser fuck hell clean pommie green tooth,un fucking believable,,piece goat shit gt gt gt gt gt say australian deserve threat,happy muslim bike hostage shotgun head wonder people stand,pom know rhodesia hmm,,funny bigot racist stupid pommie green tooth pathetic,amazing troll bring,religion peace read quran,,sadly miss important point mr ms stupid troll,silly comment like islam religion peace,muslims usually come thousand effect,coward block look racist,  disgrace fuck,,intelligent lefty liberal intelligent word retort wow,beg pardon show muslim terrorist london traveller islam,nope nice normal type,bad attack hmm family kill terrorist muslim,thank hear say hostage taker,know pay imagine people dead gun hero acknowledge,,,innocent victim peace guess,comment harm anybody opinion feel way argue point intelligence,muslims respect heartless cow,mean france england,lose family peaceful religion islam maybe ignorant,yeah problem islam,,,,,,,,,,,,,,,,,,,,,,,,,,,,,,,,,,,,,,,,,,,,,,,,,,,,,,,,,,,,,,,,,,,,,,,,,,,,,,,,,,,,,,,,,,,,,,,,,,
muslim follower religion islam terrorist person engage inhumane violent act,answer read quran,omg preach preach,muslim terrorist forget wtb,mean smh wrong islam,,yes muslim person follow desert death cult like islam prefer humanity,know want original citation arabic say,,,,block muslim amp liar,deserve die ugly piece trash,muslim know write quran shut fuck,m muslim muslims respect respect not respect ur,big word try intimidate friend racist bc believe bullshit,foff terrorist pedophile desert cult follower deserve lock guantanamo bay,wonder brain leave program deny endlessly,know cause musilm,,,read quran yr homework change incidently doubt u rd arabic,show isis quran say,grow ideology read,,quran read quran,denyine give scientific rational argument,mirror truth puncture narcissism go awry,kafir muslims want dead yes right islam create terrorist,congratulate capacity deny deny,  bisness respect quran learn respect respect hope understand clear,,omg give exact reference,patient muslim mad right learn patient not,,quran cite kill kafir non believer kafir lose land r new land plant bomb,mind yr language evidently not know read quran,,mean terrorist wrongly accuse quran blame terrorist,,trust abt religion muslim innocent palestine attack israel care abt,quote fact research tweet base,use quran excuse terrorism yes,islam violent cult base quran call killing non muslims islam create terrorist,bomb attack city follow book denial yr rt,know people beg differ thing dude say fuck,,  mind ur bisness,fyi islam say kofr tell person kafir,medium feed islam,islam teach kill people yes kafir right religion want,arab dumb fuck read tue quran,,read quran know religion,use quran excuse terrorism,oh m muslim not want dead actully muslim understand religion will not want dead,,,,prove islam say kill muslim islam live peacefully,st hand quran application islamist steal bomb attack etc,rude not muslim give right islam create terrorist,wrong quran say specially muslim kill haram islam peace,yes aware tire ppl leap islams defence draw conclusion base,,,,,,,,,,,,,,,,,,,,,,,,,,,,,,,,,,,,,,,,,,,,,,,,,,,,,,,,,,,,,,,,,,,,,,,,,,,,,,,,,,,,,,,,,,,,,,,,,,,
unconfirmed report contact sydney radio station,unconfrimed break news,shock jock think terrorist expert gb,,not belive hadlet rating,unconfirmed report news,,,,,,,,,,,,,,,,,,,,,,,,,,,,,,,,,,,,,,,,,,,,,,,,,,,,,,,,,,,,,,,,,,,,,,,,,,,,,,,,,,,,,,,,,,,,,,,,,,,,,,,,,,,,,,,,,,,,,,,,,,,,,,,,,,,,,,,,,,,,,,,,,,,,,,,,,,,,,
gunfire sydney cafe hostage hold report say person shoot hostage flee,gunfire sydney cafe hostage hold reportedly person shoot hostage flee,,,umm maybe good time try gain convert believe guy representative muslim,,gunfire sydney cafe hostage hold report say person shoot hostage flee,sheesh guy world go nuts smh tell,christian dice believe christ redeem forgiveness,police officer move,  gunfire sydney cafe hostage hold report say person shoot hostage flee,meh fuck cnn hour break news,gunfire sydney cafe hostage hold report say person shoot hostage flee,s dryer mystery apt laundry rm amp lose sock unit theft terror plot cnnreport,,rt gunfire sydney cafe hostage hold report say person shoot hostage flee,gunfire sydney cafe hostage hold report say person shoot hostage flee,cnn devote hour like mh michael jackson,,sheesh guy world go nut,let hope person shoot isis terrorist police hostage hurt,lolz usually busy try socially engineer society,pray people sydney safe,,pls hostages amp police safe,want invite religion hope know islam,corp media like cnn approval report punk,,gunfire sydney cafe hostage hold report say person shoot hostage flee,,,,,,,,,,,,,,,,,,,,,,,,,,,,,,,,,,,,,,,,,,,,,,,,,,,,,,,,,,,,,,,,,,,,,,,,,,,,,,,,,,,,,,,,,,,,,,,,,,,,,,,,,,,,,,,,,,,,,,,,,,,,,,,,,,,,,,
pray hold hostage right sydney police responsible peace prevail,thank joel work far heap phone call people inquire safety,pray hold hostage right sydney police responsible peace prevail,declare peace freedom,,,,pray jesus ' non violent solution,,wale pray city,,,pray pond spirit peace fall sydney,,,,,,,,,,,,,,,,,,,,,,,,,,,,,,,,,,,,,,,,,,,,,,,,,,,,,,,,,,,,,,,,,,,,,,,,,,,,,,,,,,,,,,,,,,,,,,,,,,,,,,,,,,,,,,,,,,,,,,,,,,,,,,,,,,,,,,,,,,,,,,,,,,,,,,
coward gt hostage force display islamic flag woman asshield,read bit koran recently amp radical islam teaching koran take extreme amp literally,give read heavy duty office shredder mulch,problem arise w blindly follow question examine reconcile w per belief,idk contradicted religion bunch nonsense like,wow ur cool hail satan,,verse tbh fan abrahamic religion evil,insightful highlight qur'an diff color love allah,  flash bang shot center mass problem solve come,people want god bible change love,religion nonsense get bash,use logic people fully represent religion claim,get to run love talk,religion right belief force belief society amp beheading,pm australia say know political oh maybe militant wing salvation army,bible get quran interpretation islam hate website b,alright fun run thank time,,muslim assume justnat read koran v live,,dogma great form ignorance,wait woman shield muslims lt sarc gt,,  say opposite jesus say bad,,allah capricious trust change mind fit narrative muhammad,' woman shield ' sound familiar hint hamas,action muslim terrorize kill perfectly match teaching qur'an hadith,get to mennonite pretty scary,  cover inadequacy perfect god,assume muslim buddhist ppl attack islam like,let rock paper scissor guess terrorist duhh,ohh yea see think sorry forgot untag,jews amp christians,s verses quran tell u u kill person kill humanity,,surah allah love non believer allah love turn away friend,bad religion bible amp quran finish,muslim terrorist terrorist muslim,rt nd half get u muslim say tell christ say,islam democracy coexist,hindus parent country bomb buddhist amp muslim u know,islam religion slave fool islam communism identical,follow christ abide organized religion bible truth religion man try,roman sinner christ die god love non believer turn away,,  punish kill believe allah prove god profess,heck cus ppl fuck mean religion mad fair,plan finish see verse disturb bad bash,,lot side patience work read urself,oh kinda run car k sticker prob time u want talk,demand mosque burn ground,  hateful spiteful allah book stripe love hateful love spiteful,,,,,,,,,,,,,,,,,,,,,,,,,,,,,,,,,,,,,,,,,,,,,,,,,,,,,,,,,,,,,,,,,,,,,,,,,,,,,,,,,,,,,,,,,,,,,,,,,,,,,,,,,,,,
evacuate consulate sydney emergency warn u s citizen urge maintain high level vigilance,know guy piss get fire foreclose gf cheat,,scary hope situation resolve soon amp peacefully possible,destructive foreign policy think day require vigilance,curious ' evacuate ' mean leave country city area know,,maintain high level vigilance obama say islamic terrorist exist america remember,twitterverse aussie act like normandy landing imminent flag arabic crazy fear,,good thing feinstein sure happen,hope safe speedy resolution pray hurt unlikely consider,,rt evacuate consulate sydney emergency warn citizen maintain high level vigilance,consensus translation headband sacrifice o mohame caveat photo blurry text incomplete,,make sense read cia report surprise hs take long,,,,,,,,,,,,,,,,,,,,,,,,,,,,,,,,,,,,,,,,,,,,,,,,,,,,,,,,,,,,,,,,,,,,,,,,,,,,,,,,,,,,,,,,,,,,,,,,,,,,,,,,,,,,,,,,,,,,,,,,,,,,,,,,,,,,,,,,,,,,,,,,,,
gunman dozen hostage inside cafe sydney australia isis flag remain display,,break hostage armed hold remain press window sydney australia cafe,,  people isis flag,advice hear shot drop ground team go clear,pray hostage god let outcome peaceful,,airspace sydney city shut,,update people believe inside lindt cafe martin place sydney australia,,,,,,,,,,,,,,,,,,,,,,,,,,,,,,,,,,,,,,,,,,,,,,,,,,,,,,,,,,,,,,,,,,,,,,,,,,,,,,,,,,,,,,,,,,,,,,,,,,,,,,,,,,,,,,,,,,,,,,,,,,,,,,,,,,,,,,,,,,,,,,,,,,,,,,,,
major landmark sydney evacuate police respond hostage situation caf city martin place,sky well coverage link australian counterpart,say arabic group kink,,ok thx u try read info,yeah alarming situation build hete,,yeah fearful say true isis invilve,,good see armed man hostage,amazing dad tolerate people people idiot fuck,yeah say u think theu invokce,hope ok end,isis apparently say,,,enjoy extra chromosome,not tolerate people calll people cunt shitbag etc hey say good dad true,yeah maybe gunman reiterate lone wolf,hostage situation ok,damn airspace sydney close isis relate terrorist group,mt major landmark sydney evacuate hostage situation caf city martin place,strict gun law happen,,pm speak live,,,amzing father sure nice,say cnn post info come wait game,,,,,,,,,,,,,,,,,,,,,,,,,,,,,,,,,,,,,,,,,,,,,,,,,,,,,,,,,,,,,,,,,,,,,,,,,,,,,,,,,,,,,,,,,,,,,,,,,,,,,,,,,,,,,,,,,,,,,,,,,,,,,,,,,,,,,,
break news sydney siege gunman,hopefully double tap eye maybe ball knee,,break news sydney siege gunman clever think have cuppa police,,,break news sydney siege gunman finally,,,btw good talk fellow conservative use logic conviction,know man lynch amp burn like racism torture definition scared torture,,,,wrong pour water face save life okay split face open save life,nice quote rt,finally victory australia,,say evil shoot head torture,,rt break news sydney siege gunman,,hopefully dead hope hostage alive,good break news sydney siege gunman,,break news sydney siege gunman,,,,,,,,,,,,,,,,,,,,,,,,,,,,,,,,,,,,,,,,,,,,,,,,,,,,,,,,,,,,,,,,,,,,,,,,,,,,,,,,,,,,,,,,,,,,,,,,,,,,,,,,,,,,,,,,,,,,,,,,,,,,,,,,,,,,,,,,,
terrifying photo hostage martin place sydney hold man wave isis flag,excellent christian response play,terrifying photo hostage martin place sydney hold man wave isis flag,feel family poor woman face splash news safe anymore,know poor people lindt chocolate cafe,probably well not run identify juuuust,know imagine terrifying family hope alive,think bad dream god let free unharmed,,bed check update hope little girl feel well soon x,oh terrifying photo hostage martin place sydney hold man wave isis flag,oh god terrify photo hostage martin place sydney hold man wave isis flag,take hostage criminal take islam hostage,pray innocent people unharmed terror poor woman face,,,,,,oh dear god hope ok,terrifying photo hostage martin place sydney hold man wave isis flag,girl sweetest thing heartbreaking,know confirm isis idiocy relate,flag make concerned outcome,terrifying photo hostage martin place sydney hold man wave isis flag,,know daughter unwell pop hope positive news new,,,,,,,,,,,,,,,,,,,,,,,,,,,,,,,,,,,,,,,,,,,,,,,,,,,,,,,,,,,,,,,,,,,,,,,,,,,,,,,,,,,,,,,,,,,,,,,,,,,,,,,,,,,,,,,,,,,,,,,,,,,,,,,,,,,,,,,,
update australian pm abbott police deal report hostage take incident sydney business district,,,australian pm abbott police deal w report hostage take incident sydney bus district fuck,kindly army navy seal deadly islamic terrorist blow,,religion peace strike hey australia anti gun law work,,,,,,,,,,,,,,,,,,,,,,,,,,,,,,,,,,,,,,,,,,,,,,,,,,,,,,,,,,,,,,,,,,,,,,,,,,,,,,,,,,,,,,,,,,,,,,,,,,,,,,,,,,,,,,,,,,,,,,,,,,,,,,,,,,,,,,,,,,,,,,,,,,,,,,,,,,,,
airspace close sydney opera house evacuate hostage drama unfold flag see,sydney opera house evacuate hostage drama unfold flag see,need mention isis not deserve medium attention encourage,shit hope fatality hostage taker,couple shrink good talk will cure,,sydney airspace close incorrect report,use word incident instead drama innocent life stake drama killer seek,,airspace close sydney opera house evacuate hostage drama unfold flag see,claim isis style flag islamist mean propagate unsubstantiated claim,help religion cause shit,,rt airspace close sydney opera house evacuate hostage drama unfold flag see,check source report airspace close possibly tfr cbd,airspace close sydney opera house evacuate hostage drama unfold flag see,,,,,,,,,,,,,,,,,,,,,,,,,,,,,,,,,,,,,,,,,,,,,,,,,,,,,,,,,,,,,,,,,,,,,,,,,,,,,,,,,,,,,,,,,,,,,,,,,,,,,,,,,,,,,,,,,,,,,,,,,,,,,,,,,,,,,,,,,,,,,,,,,,,
know far dozen hostage hold,heart go family lose love one tragedy change y happen,grow amp read book,,west fault ok attack,agree medium doubt twist actually,think peace initiative weapon shipment start kerry finally meet lavarov,,sage advice young need direction await wisdom,ukranian want eu russia right ok russia kill west fault,,,think eye nation kick sand long term productive,piece make sense,apperently kill torture mad know,,great call politic grow up,different opinion offer laugh reaction,government burn book,religion want destroy fight mistake conspiracy,maybe nice guess reason kill right agree kill,sir point way carry surprise guy gun international headline,nation want thing want life conspiracy,way eye carry shock tool cave,,,innocent people hold gunpoint potentially disastrous,crazy saudi gun international terra alert need law spy citizen glorife bank robbery,fucking empathy disgrace,work big boy earn money,time spend research astonishing,point govt conspiracy horrible ok shitty horrible thing,fuck eye nation moronic conspiracy theory watch alex jones,,agree openly available info conspiracy politic,,maybe easy emo knee jerk reaction,strong hint event nwo stage false flag stunt,,islamic state right attack kurd stop,internet show funny book figure,feel innocent life go,,,tweet guess yr look old photo,  guy gun city shut yawn,,nope frost advert fucktard juvenile photo middle finger,,,,,,,,,,,,,,,,,,,,,,,,,,,,,,,,,,,,,,,,,,,,,,,,,,,,,,,,,,,,,,,,,,,,,,,,,,,,,,,,,,,,,,,,,,,,,,,,,,,,,,,,,,,,,,,,,,,
gunman headband read soldier o muhammad,d let cry blame religion use brain,b muslim r kill muslim country,,problem billion muslim silent abt act,religion peace write jesus bomb,decide attack muslims iraq afghanistan qui s le vent r colte la temp te,people tiny minority sadly contaminate world opinion,,gunman headband read soldier o muhammad,agenda certainly pro israel lol,element press want report big picture agenda,ok clearly read wrong,muhammad want hurt innocent people man soldier devil muhammad,  jfkerry d appear tv explain gunman islamic relieve,nutbag allow threaten kill muslim brown people,mohame approve action action kill iislam,think head band read u read range rifle,logic attack muslims want drone kill htem torture,kill allah use human shield tolerance radical islam,,west need wake radical islam quit picking israel build house,gunman headband read soldier o muhammad,,,,,,,,,,,,,,,,,,,,,,,,,,,,,,,,,,,,,,,,,,,,,,,,,,,,,,,,,,,,,,,,,,,,,,,,,,,,,,,,,,,,,,,,,,,,,,,,,,,,,,,,,,,,,,,,,,,,,,,,,,,,,,,,,,,,,,,,,,,,
australian police respond ' incident ' sydney opera house,lindt go end surprised target protester easy target,opera house incident report correct,,australian police respond ' incident ' sydney opera house incident flag wave ppl hostage ppl,location wrong detail wrong,,police respond ' incident ',,australian police respond ' incident ' sydney opera house,nog meer ontwikkelingen nu bij het opera house,fear w protester think pd presence force protection,,,,,,,,,,,,,,,,,,,,,,,,,,,,,,,,,,,,,,,,,,,,,,,,,,,,,,,,,,,,,,,,,,,,,,,,,,,,,,,,,,,,,,,,,,,,,,,,,,,,,,,,,,,,,,,,,,,,,,,,,,,,,,,,,,,,,,,,,,,,,,,,,,,,,,,
break hostage flee sydney cafe loud bang hear,blessing amp greeting check late radio anytime rt ty,,new sound explosion possible gunfire cafe,bang sniper rifle,hectic break hostage flee sydney cafe loud bang hear,break hostage flee sydney cafe loud bang hear,break hostage flee sydney cafe loud bang hear pray stay safe,wow rt break hostage flee sydney cafe loud bang hear,hostage flee sydney cafe loud bang hear,rt break hostage flee sydney cafe loud bang hear,  cut commercial news report,bueh break hostage flee sydney cafe loud bang hear,innocent catch gun free zone run imperil straight near good guy gun,break hostage flee sydney cafe loud bang hear,rt break hostage flee sydney cafe loud bang hear,break hostage flee sydney cafe loud bang hear,bang gun shoot,,,,,,,,,,,,,,,,,,,,,,,,,,,,,,,,,,,,,,,,,,,,,,,,,,,,,,,,,,,,,,,,,,,,,,,,,,,,,,,,,,,,,,,,,,,,,,,,,,,,,,,,,,,,,,,,,,,,,,,,,,,,,,,,,,,,,,,,,,,,,,,,,
sydney opera house evacuate siege continue local medium report hostage,notice return veteran middle east war berserk trend report lately watch prevalent,swat team look sci fi lol,definitely add tweet site,sorry mean news source beer burger,isis opera isis fake terrorist group bunch pay spy idiot follow,,photo personnel progress event give bad guy valuable intel,religion peace act peaceful,sydney opera house evacuate siege continue local medium report hostage,pic know well honest sdb,,,,,,,,,,,,,,,,,,,,,,,,,,,,,,,,,,,,,,,,,,,,,,,,,,,,,,,,,,,,,,,,,,,,,,,,,,,,,,,,,,,,,,,,,,,,,,,,,,,,,,,,,,,,,,,,,,,,,,,,,,,,,,,,,,,,,,,,,,,,,,,,,,,,,,,,
break gunman say device city demand speak prime minister,hear pm demand min device claim report,actually say ab bbc,thing need inaccurate sensationalist report heighten tension,threat demand gunman accord local medium,,set hq chocolate shop wait conclusive proof focus hostage,muslim terrorist strike,australian radio tv report threat unconfirmed yeh report,flag say inform mean islamic jihad act,  break gunman say device city demand speak prime minister,yes head report know accurate,,download hilarious free koran parody infidel age,break gunman say device city demand speak prime minister fuck,,,,,,,,,,,,,,,,,,,,,,,,,,,,,,,,,,,,,,,,,,,,,,,,,,,,,,,,,,,,,,,,,,,,,,,,,,,,,,,,,,,,,,,,,,,,,,,,,,,,,,,,,,,,,,,,,,,,,,,,,,,,,,,,,,,,,,,,,,,,,,,,,,,,
  hostage sydney caf confirm gunman demand want isis flag deliver want speak prime minster,  pour le br ler et d noncer le terrorisme pour parler des action mener contre l'islamophobie cc,,  hostage sydney caf confirm gunman demand want isis flag deliver want,,,  hostage sydney caf confirm gunman demand want isis flag deliver want speak prime minster,know intention right,zacz o si ka dy nawiedzony ekstremista b dzie pr bowa samodzielnie takich akcji w r nych zak tkach wiata,nowe hostage sydney caf confirm gunman demand want isis flag deliver want speak prime minster,cytuj c klasyka fear big business jak jest zarabia na straszeniu ludzi,,asshole bring isis flag f ck isis flag stupid muslim,lol zacz o si ka dy nawiedzony ekstremista b dzie pr bowa samodzielnie takich akcji w r nych zak tkach wiata,israeli commando squad happy deliver flag,people release muslim try establish christian hostage,,,,,,,,,,,,,,,,,,,,,,,,,,,,,,,,,,,,,,,,,,,,,,,,,,,,,,,,,,,,,,,,,,,,,,,,,,,,,,,,,,,,,,,,,,,,,,,,,,,,,,,,,,,,,,,,,,,,,,,,,,,,,,,,,,,,,,,,,,,,,,,,,,,
sydney opera house completely evacuate sydney airspace close,opera house completely evacuate wake,sydney opera house completely evacuate sydney airspace close guy terminator,sydney opera house completely evacuate sydney airspace close,airspace close smh report fact know fact stop sensationalise,completely evacuate sydney airspace close today suffer like,pm sydney airspace closed land albury time,rt sydney opera house completely evacuate sydney airspace close,feel sick stay safe sydney sydney opera house completely evacuate sydney airspace close,,,,,,,,,,,,,,,,,,,,,,,,,,,,,,,,,,,,,,,,,,,,,,,,,,,,,,,,,,,,,,,,,,,,,,,,,,,,,,,,,,,,,,,,,,,,,,,,,,,,,,,,,,,,,,,,,,,,,,,,,,,,,,,,,,,,,,,,,,,,,,,,,,,,,,,,,,
basically man hold ppl hostage caf sydney hostage hold islamic flag window,,,m cry bad,,holy shit scary,,oh wow wow,oo home live sydney know,people represent islam,wait people islamic extremist people hold flag,,,,,omg hope people hurt,,omg s s happen,,hell islamic flag religion fucking country,,,,,,,,,,,,,,,,,,,,,,,,,,,,,,,,,,,,,,,,,,,,,,,,,,,,,,,,,,,,,,,,,,,,,,,,,,,,,,,,,,,,,,,,,,,,,,,,,,,,,,,,,,,,,,,,,,,,,,,,,,,,,,,,,,,,,,,,,,,,,,,
total number people leave cafe sydney late,little disconcerting medium crossfire bullet fly,,,pray hostage safe release terrorist win,wake america al adnani tell muslims kill disbeliever civilian soldier,,news drama series fun people,little disconcerting man decide run release woman amp child inside,,hope wake resolve peacefully bloodlessly mt total people leave sydney cafe,  terrorism desperate help justify authoritarianism west understand democracy ally,know terrorism global thing,happen israel islamic terrorist dead shoot israeli police idf soldier,aussie grand master form substance analyst amp talker doer take extreme caution avoid take risk,secular people world terrorist,  il terrorismo dei disperati contribuisce giustificare autoritarismi occidente non comprende che la democrazia sua alleata,,,,,,,,,,,,,,,,,,,,,,,,,,,,,,,,,,,,,,,,,,,,,,,,,,,,,,,,,,,,,,,,,,,,,,,,,,,,,,,,,,,,,,,,,,,,,,,,,,,,,,,,,,,,,,,,,,,,,,,,,,,,,,,,,,,,,,,,,,,,,,,,,,
break new hostage woman run safety sydney cafe australia television network report,great advice guy hire tweet nbc lack grammatical discipline,,interesting journalism ethic situation tweet report tweet report hostage escape,woman mean woman,gunman aware hostage escape tweet hostage danger,fairness australian network tweet report situation,thank sir active situation put hostage live jeopardy wrong,,,,,,,,,,,,,,,,,,,,,,,,,,,,,,,,,,,,,,,,,,,,,,,,,,,,,,,,,,,,,,,,,,,,,,,,,,,,,,,,,,,,,,,,,,,,,,,,,,,,,,,,,,,,,,,,,,,,,,,,,,,,,,,,,,,,,,,,,,,,,,,,,,,,,,,,,,,
officially price gouging au hostage crisis sad sorry clown,yeah see disgusting,live near portland support city effort hold uber municipal law,fair pt concern decent w stalk journalist lout happen,,tweet min one advise passenger free lt ayn rand alive run,city boston quit require internship nearly justifiable gd,yep agree find hard believe sit computer think good idea know,yes yr ago quit follow dead drive cab right like real cab license etc,drive cab right like real cab license etc,yea dumb probably automate system adjust rate base demand ai fail case,nick come visit boston,s big deal not rule acquisition,understand friend swear uber nyc expensive cab,,will charge toll,apparently b c take time read respond,think losing battle uber behavior will change stop make number,rape gee thank warning cc,tweet happen say get driver work automate,parent talk seth reach go to write book,uber shady af,rarely ride taxis ride uber lyft limo yearly trimet pass portland,nice million folk crap,,,,,,,,,,,,,,,,,,,,,,,,,,,,,,,,,,,,,,,,,,,,,,,,,,,,,,,,,,,,,,,,,,,,,,,,,,,,,,,,,,,,,,,,,,,,,,,,,,,,,,,,,,,,,,,,,,,,,,,,,,,,,,,,,,,,,,,,,,,
sydney cafe siege gunman dozen hostage inside cafe siege martin place sydney isis flag remain display,situation awful bad irresponsible speculation isis flag,,e le malie,,,poor people terrify mind pray,pick poste restante gpo backpack,hey hey use fight word drop kick k,,coward hope nsw fed police bring safe conclusion,isis flag man smhhh,send prayer speechless,,,,laker flag lol nah note,worrying business sydney possible isis siege amp live feed cut coverage,hope hostage come safe,,confirm isis flag,,,,,,,,,,,,,,,,,,,,,,,,,,,,,,,,,,,,,,,,,,,,,,,,,,,,,,,,,,,,,,,,,,,,,,,,,,,,,,,,,,,,,,,,,,,,,,,,,,,,,,,,,,,,,,,,,,,,,,,,,,,,,,,,,,,,,,,,,,,,,,
stretcher take sydney cafe police storm build fate hostage taker unknown,hello hope people interested comment,stretcher take sydney cafe police storm build fate hostage taker unknown,hopefully aussie round mm centermass twixt eye scumbag,hope gurney need innocent,stretcher take cafe police storm fate hostage taker unknown,,,,,,,,,,,,,,,,,,,,,,,,,,,,,,,,,,,,,,,,,,,,,,,,,,,,,,,,,,,,,,,,,,,,,,,,,,,,,,,,,,,,,,,,,,,,,,,,,,,,,,,,,,,,,,,,,,,,,,,,,,,,,,,,,,,,,,,,,,,,,,,,,,,,,,,,,,,,,
consulate reportedly evacuate amid hostage situation,,m sure amp classify amp,daughter amp grand kid central sydney hope fine,occupy syria army pretext isis,hand shoot terrorist,course run want interfere plan,naw bro isis want chocolate lmao,want leadership stand evil like amp serve people direct people obama not,,,m glad stick help chickenshit come courage look like,want benghazi o want look like failure,soldier islam biker,united states run away friend attack sidney hotel siege,look diversity progress action fuck multiculturalism,shoot behead preference hold abomination flag,want bush clone,,,,,,,,,,,,,,,,,,,,,,,,,,,,,,,,,,,,,,,,,,,,,,,,,,,,,,,,,,,,,,,,,,,,,,,,,,,,,,,,,,,,,,,,,,,,,,,,,,,,,,,,,,,,,,,,,,,,,,,,,,,,,,,,,,,,,,,,,,,,,,,,,
islamic terrorist attack sydney hostage hold black flag islamic creed,terrorrist islamic inhuman,oh terrorising religion,hope beat shit islamic jihadi,,,,,,,,,,,,,,,,,,,,,,,,,,,,,,,,,,,,,,,,,,,,,,,,,,,,,,,,,,,,,,,,,,,,,,,,,,,,,,,,,,,,,,,,,,,,,,,,,,,,,,,,,,,,,,,,,,,,,,,,,,,,,,,,,,,,,,,,,,,,,,,,,,,,,,,,,,,,,,,
break news people hold hostage sydney news,ik ppl one,,old news timely info,break news people hold hostage sydney news let,break news people hold hostage sydney news,,black flag arab writing isis supporter soldier,isis take cafe,break news people hold hostage sydney news,clue big difference,old news timely info twitter search,number keep grow,break news people hold hostage sydney news,,break news people hold hostage sydney news wtf,,,,,,,,,,,,,,,,,,,,,,,,,,,,,,,,,,,,,,,,,,,,,,,,,,,,,,,,,,,,,,,,,,,,,,,,,,,,,,,,,,,,,,,,,,,,,,,,,,,,,,,,,,,,,,,,,,,,,,,,,,,,,,,,,,,,,,,,,,,,,,,,,,,
word whereabouts gunman man moni,hopefully dead well drag body sum world tolerate idiot,,,,,,,,,,,,,,,,,,,,,,,,,,,,,,,,,,,,,,,,,,,,,,,,,,,,,,,,,,,,,,,,,,,,,,,,,,,,,,,,,,,,,,,,,,,,,,,,,,,,,,,,,,,,,,,,,,,,,,,,,,,,,,,,,,,,,,,,,,,,,,,,,,,,,,,,,,,,,,,,,
scary scene sydney right thought involve hopefully hostage situation resolve peacefully,hostage situation cafe people gunpoint,school near city,ur thoughtful vik thank,like youtuber follow twitter speak situation,thank god live melbourne,,s good guy vikk,,,,let hope safe new crew make situation well,people say isis keep hostage true,,vikk ya cousin tell chill cafe,thank vikk thoughtful happen live care go,,oh thank information,thank international youtuber pray,think right thing situation,crazy stuff think hour away,stuff happen australia see happen,,,,,,,,,,,,,,,,,,,,,,,,,,,,,,,,,,,,,,,,,,,,,,,,,,,,,,,,,,,,,,,,,,,,,,,,,,,,,,,,,,,,,,,,,,,,,,,,,,,,,,,,,,,,,,,,,,,,,,,,,,,,,,,,,,,,,,,,,,,,,
bomb detection robot enter caf,bomb detection robot enter caf,coverage today phenomenal,rt bomb detection robot enter caf,,,,,,,,,,,,,,,,,,,,,,,,,,,,,,,,,,,,,,,,,,,,,,,,,,,,,,,,,,,,,,,,,,,,,,,,,,,,,,,,,,,,,,,,,,,,,,,,,,,,,,,,,,,,,,,,,,,,,,,,,,,,,,,,,,,,,,,,,,,,,,,,,,,,,,,,,,,,,,,
  people come run lindt cafe building include man look like cafe worker,definitely worker lindt uniform,,  ppl run lindt cafe building include man look like cafe worker,  people come run lindt cafe building include man look like cafe worker,,,,,,,,,,,,,,,,,,,,,,,,,,,,,,,,,,,,,,,,,,,,,,,,,,,,,,,,,,,,,,,,,,,,,,,,,,,,,,,,,,,,,,,,,,,,,,,,,,,,,,,,,,,,,,,,,,,,,,,,,,,,,,,,,,,,,,,,,,,,,,,,,,,,,,,,,,,,,,
understand hillary clinton amp sen feinstein correctly st step current sydney hostage situation empathize w f'n bastard,lol good actually funny right stupidity,em coco nice chat fucking,  nd step tell hostage taker exactly will not stop,step remind tangos isis islamic,try find feel mad amp aggrieve feel need hostage,wait think blame youtube video,sit chocolate ot,obama team talk recommend australia police terrorist hostage,wrong ignore eventually away,hope suspect folk work think act like,bring encounter group force dialog root cause,,ask nicely cooperation maybe sentence sincerity,send bad ass send dead bad guy center mass mb happy holiday family,come sing say idiocy chance ridiculous mike,yes think new handbook dictate warm coco foot rub need project compassion build rapport,political climate get piss,certainly use gun defend,,,,,,,,,,,,,,,,,,,,,,,,,,,,,,,,,,,,,,,,,,,,,,,,,,,,,,,,,,,,,,,,,,,,,,,,,,,,,,,,,,,,,,,,,,,,,,,,,,,,,,,,,,,,,,,,,,,,,,,,,,,,,,,,,,,,,,,,,,,,,,,,
police believe man sydney siege iraninan cleric man haron monis,believe word nsw police,typical aussie battler sound,believe guy lock early police watch closely,self proclaim cleric charge murder sexual assault send hate mail family aussie soldier,,care spell filth filth,give fuck hope chop cracker head mutha phucka holla,try spell right,home hmmm maybe issue,,time send iranian cleric come body bag fine,thing cracker respect violence dick head holla,police believe man sydney siege iraninan cleric man haron monis,,,miss perfect murderer right,,yes right agree entirely wording vulgar,police believe man sydney siege iraninan cleric man haron monis,,,absolutely right grammar grump time night,fuck wrong cunt,,,,,,,,,,,,,,,,,,,,,,,,,,,,,,,,,,,,,,,,,,,,,,,,,,,,,,,,,,,,,,,,,,,,,,,,,,,,,,,,,,,,,,,,,,,,,,,,,,,,,,,,,,,,,,,,,,,,,,,,,,,,,,,,,,,,,,,,,,,
police surround cafe central sydney report hostage take,nope safe work mrs g far,police surround cafe central sydney report hostage take rubber dingy rapid,' shahada ' flag flag display,police surround cafe central sydney report hostage take,,police surround cafe central sydney report hostage take,ooooh radder like drama day safe flight home amp hope amp fam great crimbo xx,read arabic script flag,scouser nick hubcap panic,police surround cafe central sydney report hostage take,joke sugar tit x,thank mrs g xxx,go to nick cause bare rt,yep guess flag look different one see helpful translation,,sound like isis involve,  police surround cafe central sydney report hostage take,shit coffee apparently,,,,,,,,,,,,,,,,,,,,,,,,,,,,,,,,,,,,,,,,,,,,,,,,,,,,,,,,,,,,,,,,,,,,,,,,,,,,,,,,,,,,,,,,,,,,,,,,,,,,,,,,,,,,,,,,,,,,,,,,,,,,,,,,,,,,,,,,,,,,,,,,
police aware hostage post gunman demand social medium,,,police aware hostage post gunman demand social medium,mutant muslims strike social medium win front stick policy,p s sydney,terrorist gentleman get not furth truth,police aware hostage post gunman demand social medium,,,,,,,,,,,,,,,,,,,,,,,,,,,,,,,,,,,,,,,,,,,,,,,,,,,,,,,,,,,,,,,,,,,,,,,,,,,,,,,,,,,,,,,,,,,,,,,,,,,,,,,,,,,,,,,,,,,,,,,,,,,,,,,,,,,,,,,,,,,,,,,,,,,,,,,,,,,
update hostage flee cafe hold iranian gunman explosion gunshot hear,say hand shoot police overreaction people glad police trouble,,get sniper rifle aim head idiot know thing well,,update pa shooting,hope customer free chocolate life spineless thug action,,hopefully turn swiss cheese,  think allow people carry gun dead minute take hostage,like people resilient amp,work place violence,let send dude,,hostage flee cafe hold iranian gunman explosion gunshot hear,,,,,,,,,,,,,,,,,,,,,,,,,,,,,,,,,,,,,,,,,,,,,,,,,,,,,,,,,,,,,,,,,,,,,,,,,,,,,,,,,,,,,,,,,,,,,,,,,,,,,,,,,,,,,,,,,,,,,,,,,,,,,,,,,,,,,,,,,,,,,,,,,,,,
hostage post request gunman social medium ask medium publish request,issue police have control broadcast dangerous precedent shame,good reason disturb actually,true necessary emergency like,let guess filthy muzzie terrorist want virgin goat fuck,unfortunately stop strait time,true guess unknown know good,link stuff share post,censorship answer people right know,think intention protect hostage,hostage post request gunman social medium police ask medium publish request,worried offend people care,contact medium social medium big difference,,,,,,,,,,,,,,,,,,,,,,,,,,,,,,,,,,,,,,,,,,,,,,,,,,,,,,,,,,,,,,,,,,,,,,,,,,,,,,,,,,,,,,,,,,,,,,,,,,,,,,,,,,,,,,,,,,,,,,,,,,,,,,,,,,,,,,,,,,,,,,,,,,,,,,
update hostage escape gunman continue siege sydney cafe,escape release appreciate clarity,update hostage escape gunman continue siege sydney cafe,helpful wonderful policeman help car break good kniw,umm twitter sarcasm want freedom shit,,occur sarcasm obvious think lady hell,bastard cop dare help,bad one amp like bad human,,update hostage escape gunman continue siege sydney cafe epidemic,scary update hostage escape gunman continue siege sydney cafe,thank god escape,cop bad bad one like bad human carry gun legally stop w sarcasm,,,,,,,,,,,,,,,,,,,,,,,,,,,,,,,,,,,,,,,,,,,,,,,,,,,,,,,,,,,,,,,,,,,,,,,,,,,,,,,,,,,,,,,,,,,,,,,,,,,,,,,,,,,,,,,,,,,,,,,,,,,,,,,,,,,,,,,,,,,,,,,,,,,,,
confirm hostage customer worker release cafe,,stop violence amp youth police amp,,,,,,,,,,,,,,,,,,,,,,,,,,,,,,,,,,,,,,,,,,,,,,,,,,,,,,,,,,,,,,,,,,,,,,,,,,,,,,,,,,,,,,,,,,,,,,,,,,,,,,,,,,,,,,,,,,,,,,,,,,,,,,,,,,,,,,,,,,,,,,,,,,,,,,,,,,,,,,,,
tenth hour police contact gunman,,,,refer islamic terrorist gunman speak truth radical islam poison,,bet contact arrange go to actually hold hostage answer,,,tenth hour spot,,,,,,,,,,,,,,,,,,,,,,,,,,,,,,,,,,,,,,,,,,,,,,,,,,,,,,,,,,,,,,,,,,,,,,,,,,,,,,,,,,,,,,,,,,,,,,,,,,,,,,,,,,,,,,,,,,,,,,,,,,,,,,,,,,,,,,,,,,,,,,,,,,,,,,,,,
martin place sydney opera house amp state library evacuate follow blog,expect ozero give green light,thank pic martin place show crowd onlooker real war place like syria crowd scatter,people hand kurdish peshmarga finish isis long live australia amp long live kurdistan free,stand crowd sydney right,martin place sydney opera house amp state library evacuate,seriously people follow direction evacuate area include dumbass spectator authority room,person message kind act,oh save hostage,mt martin place sydney opera house amp state library evacuate,opinion want convey msg,hostage message medium bypass police,look vulture leave police job stop give moron fame,,,,,,,,,,,,,,,,,,,,,,,,,,,,,,,,,,,,,,,,,,,,,,,,,,,,,,,,,,,,,,,,,,,,,,,,,,,,,,,,,,,,,,,,,,,,,,,,,,,,,,,,,,,,,,,,,,,,,,,,,,,,,,,,,,,,,,,,,,,,,,,,,,,,,,
break escape hostage situation cafe downtown sydney,,,,,,,,,,,,,,,,,,,,,,,,,,,,,,,,,,,,,,,,,,,,,,,,,,,,,,,,,,,,,,,,,,,,,,,,,,,,,,,,,,,,,,,,,,,,,,,,,,,,,,,,,,,,,,,,,,,,,,,,,,,,,,,,,,,,,,,,,,,,,,,,,,,,,,,,,,,,,,,,,,
hostage hold sydney cafe force hold islamic flag window,result finance criminal use relegion achieve political aim,result religious fundamentalism period,damage obama appease communist irreversible stop nation collapse,hostage hold sydney cafe force hold islamic flag window,mosquito fuck typical blood sucker bye concede liberal survive tax dollar,clever tolerance conceded idiot spell correctly fuck,good liberal spell check thing operate,spell conceite guess spell wrong twice mean dumb operate spell check,uh oh rt hostage hold sydney cafe force hold islamic flag window,enemy eventually supremacy concede idiot,know politic certainly understand use label,,wipe ass flag,r sidney send home bullshit one interested,katy amp bieber embrace islam bible amp nasa embrace islam,live china essentially let sink watch fox friend later today,,afraid idiot fundamentalist want try point learn spell,leftist democrat charge party realize danger iran pose nuclear weapon animal destroy,work tweeter pastime activity glad show tolerance new obama immigrant,thank goodness uber flag elicit worldwide outrage,hostage hold sydney cafe force hold islamic flag window,gullible democrat amp fully realize sleep assure comrade amp fail,hostage hold sydney cafe force hold islamic flag window,islamic flag rt hostage hold sydney cafe force hold islamic flag window,clear indication one intelligence option create position imagine detractor,hey islamic flag know talk well report,islamic state islamic terrorist sunni iran shia enemy educate,thank tell concede gullible liberal think garbage look australian amp f,pray evening join amp freaking terrifying worry life,realise sydney australia conservative national government member liberal party,isis omg hostage hold sydney cafe force hold islamic flag window,,empty clip m r f s,,,,,,,,,,,,,,,,,,,,,,,,,,,,,,,,,,,,,,,,,,,,,,,,,,,,,,,,,,,,,,,,,,,,,,,,,,,,,,,,,,,,,,,,,,,,,,,,,,,,,,,,,,,,,,,,,,,,,,,,,,,,,,,,
break alert preliminary report indicate perpetrator appear member,read aussie news report spread rumor grow nick,,agree point btw,isis flag islamic stop spread false rumor,lone wolf immediately give credit fact checking favor,interesting guardian say different,isis flag supposedly window,break alert preliminary report indicate perpetrator appear member good,shahada black flag general jihad flag al qaeda al nusra etc use,break alert preliminary report indicate perpetrator appear member wonderful,,sure link isis factually inaccurate irresponsible,,shahada group basic googling skill help misinfo,,,,,,,,,,,,,,,,,,,,,,,,,,,,,,,,,,,,,,,,,,,,,,,,,,,,,,,,,,,,,,,,,,,,,,,,,,,,,,,,,,,,,,,,,,,,,,,,,,,,,,,,,,,,,,,,,,,,,,,,,,,,,,,,,,,,,,,,,,,,,,,,,,,,
number people appear flee scene lot scream,hope glad safe,,fuck fuck fuck,thank bob good health mate,,,think get cunt,okay sleep worried,glad alright bob thank update well wish,v break hostage escape,load stun grenade,watch happen glad hostage okay,  number people appear flee scene lot scream,police live ammo paramedic enter,,  get alive,,,,,,,,,,,,,,,,,,,,,,,,,,,,,,,,,,,,,,,,,,,,,,,,,,,,,,,,,,,,,,,,,,,,,,,,,,,,,,,,,,,,,,,,,,,,,,,,,,,,,,,,,,,,,,,,,,,,,,,,,,,,,,,,,,,,,,,,,,,,,,,,,,
rt siege situation currently unfold sydney martin place update,,,,,,,,,,,,,,,,,,,,,,,,,,,,,,,,,,,,,,,,,,,,,,,,,,,,,,,,,,,,,,,,,,,,,,,,,,,,,,,,,,,,,,,,,,,,,,,,,,,,,,,,,,,,,,,,,,,,,,,,,,,,,,,,,,,,,,,,,,,,,,,,,,,,,,,,,,,,,,,,,,
hostage involve text ok mother,jusy like terrorist difference civilan army usa difference,muslims terrorist doggggs,think guy young brother kasab,yes extent u r correct u hv accept tht terrorist cnt blame entire islam,point religion fr terrorism bt ur fkn english mean smthe diff tht y u get fkng post like u,make sad hostage involve text ok mother,tht wht guess wait right time execute s plan know guy team,watch backladh muslims australia fight break,correct bt muslim r not terrorist btw belong muslim religion,u r mindless n sick wt u r saying prove u need medical treatment not desperate fr religion bt fr country,cop guy believe kind multi tasker guy geekorist,hostage gun news,excuse islam totally different terrorism spread wrong msz,want invite religion hope know islam,hostage involve text ok mother,honest terrorism people islam peaceful blah blah piss,willing ride gunman big bad police offend muslim sensitivity,belgium siege armed man enter apartment ghent police respond hostage crisis situation,pos need hole forehead asap,u know thing u r big ass say terrorism n islam r completely diff thng religion people terrorist,let clear fuck religion fucken country,lol u infact u r get fuck d situation jst hv watch wid chip n beer gud fuck hard,frankly ask r u terrorism religion,turn tv watch tbe news people die u fuckwit fuck u waste space,,shut u terrorist religion people die everyday world,admit idlam cause numeraous promblem,knw wht go not gud mankind ll shld survive wid peace comment religion bt comment terrorism,wat u angry gonno kill innocent people lil prick,musilm peopke act like victim,,,,,,,,,,,,,,,,,,,,,,,,,,,,,,,,,,,,,,,,,,,,,,,,,,,,,,,,,,,,,,,,,,,,,,,,,,,,,,,,,,,,,,,,,,,,,,,,,,,,,,,,,,,,,,,,,,,,,,,,,,,,,,,,,,,,
report hostage escape live ch,report hostage escape live ch scary,stop violence author avail hrs,,,default hell yes,  aus need idf help advice deal guy maybe hannibal solution,tired terrorist muslim,stop violence author avail hrs,,know worried step mum bc work city office go lockdown,,say ok worried,cause load wanker,tell troll ignorant fool,delete photo dope,bring anymore muslim refugee live like,maybe obvious question police position televise live,watch news amp skin literally crawl,thank fuck muslims,hope talk need x,escape mean free,,,omg horrible hope okay imagine feel rn,,,,,,,,,,,,,,,,,,,,,,,,,,,,,,,,,,,,,,,,,,,,,,,,,,,,,,,,,,,,,,,,,,,,,,,,,,,,,,,,,,,,,,,,,,,,,,,,,,,,,,,,,,,,,,,,,,,,,,,,,,,,,,,,,,,,,,,,,,
man haron monis id'd gunman holding captive detail,,  tie isis take long,background dark light glass,ugh bearded piece shit,,,treat way treat lesson aussie kill barbarians peace peaceful,gee cute quick terrorist need empathy,iranian refugee hold hostage australia president obama say islamic terrorism isil run,snipe clear shot,sydney think safe apparently nation back interest middle east,,thank gun control law abide people defenseless isis survive free amp armed amdt state god bless america,look like bitch,pretty sure muslim pos try town deal armed citizen,man haron monis id'd gunman hold captive pink mist,son goat humper way ticket virgin goat,man haron monis id'd gunman holding captive detail,,,,,,,,,,,,,,,,,,,,,,,,,,,,,,,,,,,,,,,,,,,,,,,,,,,,,,,,,,,,,,,,,,,,,,,,,,,,,,,,,,,,,,,,,,,,,,,,,,,,,,,,,,,,,,,,,,,,,,,,,,,,,,,,,,,,,,,,,,,,,,,,
